-- =====================================================
-- 0. DỌN DẸP VÀ KHỞI TẠO DATABASE
-- =====================================================
SET FOREIGN_KEY_CHECKS = 0;
DROP DATABASE IF EXISTS travel_booking_db;
CREATE DATABASE travel_booking_db CHARACTER SET utf8mb4 COLLATE utf8mb4_unicode_ci;
USE travel_booking_db;
SET FOREIGN_KEY_CHECKS = 1;

-- =====================================================
-- 1. TẠO CÁC BẢNG (THỨ TỰ CHUẨN)
-- =====================================================

CREATE TABLE images (
    id INT AUTO_INCREMENT PRIMARY KEY,
    image_url VARCHAR(500) NOT NULL,
    sort_order INT DEFAULT 0,
    is_deleted BOOLEAN DEFAULT FALSE,
    created_at DATETIME DEFAULT CURRENT_TIMESTAMP,
    updated_at DATETIME DEFAULT CURRENT_TIMESTAMP ON UPDATE CURRENT_TIMESTAMP
);

CREATE TABLE provinces (
    id INT AUTO_INCREMENT PRIMARY KEY,
    image_id INT,
    province_code VARCHAR(50) NOT NULL UNIQUE,
    province_name VARCHAR(100) NOT NULL,
    note VARCHAR(100),
    is_deleted BOOLEAN DEFAULT FALSE,
    created_at DATETIME DEFAULT CURRENT_TIMESTAMP,
    updated_at DATETIME DEFAULT CURRENT_TIMESTAMP ON UPDATE CURRENT_TIMESTAMP,
    FOREIGN KEY (image_id) REFERENCES images(id) ON DELETE SET NULL
);

CREATE TABLE districts (
    id INT AUTO_INCREMENT PRIMARY KEY,
    province_id INT NOT NULL,
    district_code VARCHAR(20),
    district_name VARCHAR(100) NOT NULL,
    is_deleted BOOLEAN DEFAULT FALSE,
    created_at DATETIME DEFAULT CURRENT_TIMESTAMP,
    updated_at DATETIME DEFAULT CURRENT_TIMESTAMP ON UPDATE CURRENT_TIMESTAMP,
    FOREIGN KEY (province_id) REFERENCES provinces(id) ON DELETE CASCADE
);

CREATE TABLE wards (
    id INT AUTO_INCREMENT PRIMARY KEY,
    district_id INT NOT NULL,
    ward_code VARCHAR(20),
    ward_name VARCHAR(100) NOT NULL,
    is_deleted BOOLEAN DEFAULT FALSE,
    created_at DATETIME DEFAULT CURRENT_TIMESTAMP,
    updated_at DATETIME DEFAULT CURRENT_TIMESTAMP ON UPDATE CURRENT_TIMESTAMP,
    FOREIGN KEY (district_id) REFERENCES districts(id) ON DELETE CASCADE
);

-- Index Đã fix lỗi IF NOT EXISTS
CREATE INDEX idx_districts_province ON districts(province_id);
CREATE INDEX idx_wards_district ON wards(district_id);

CREATE TABLE tour_categories (
    id INT AUTO_INCREMENT PRIMARY KEY,
    category_name VARCHAR(100) NOT NULL UNIQUE,
    note VARCHAR(100),
    is_deleted BOOLEAN DEFAULT FALSE,
    created_at DATETIME DEFAULT CURRENT_TIMESTAMP,
    updated_at DATETIME DEFAULT CURRENT_TIMESTAMP ON UPDATE CURRENT_TIMESTAMP
);

CREATE TABLE roles (
    id INT AUTO_INCREMENT PRIMARY KEY,
    role_name VARCHAR(50) UNIQUE NOT NULL,
    description VARCHAR(200),
    permissions TEXT,
    created_at DATETIME DEFAULT CURRENT_TIMESTAMP,
    updated_at DATETIME DEFAULT CURRENT_TIMESTAMP ON UPDATE CURRENT_TIMESTAMP
);

CREATE TABLE customers (
    id INT AUTO_INCREMENT PRIMARY KEY,
    full_name VARCHAR(100) NOT NULL,
    identity_card VARCHAR(50),
    is_male BOOLEAN DEFAULT TRUE,
    phone_number VARCHAR(50) NOT NULL,
    address VARCHAR(255),
    birth_date DATE,
    email VARCHAR(100),
    is_deleted BOOLEAN DEFAULT FALSE,
    created_at DATETIME DEFAULT CURRENT_TIMESTAMP,
    updated_at DATETIME DEFAULT CURRENT_TIMESTAMP ON UPDATE CURRENT_TIMESTAMP
);

CREATE TABLE accounts (
    id INT AUTO_INCREMENT PRIMARY KEY,
    full_name VARCHAR(100) NOT NULL,
    phone_number VARCHAR(50) NOT NULL,
    birth_date DATE,
    username VARCHAR(50) UNIQUE NOT NULL,
    password VARCHAR(255) NOT NULL,
    email VARCHAR(100) UNIQUE NOT NULL,
    role_id INT DEFAULT 2,
    is_deleted BOOLEAN DEFAULT FALSE,
    is_verified BOOLEAN DEFAULT FALSE,
    created_at DATETIME DEFAULT CURRENT_TIMESTAMP,
    updated_at DATETIME DEFAULT CURRENT_TIMESTAMP ON UPDATE CURRENT_TIMESTAMP,
    FOREIGN KEY (role_id) REFERENCES roles(id) ON DELETE SET NULL
);

CREATE TABLE tours (
    id INT AUTO_INCREMENT PRIMARY KEY,
    title VARCHAR(255) NOT NULL,
    province_id INT,
    location_name VARCHAR(100),
    price BIGINT NOT NULL,
    category_id INT,
    description TEXT,
    sub_title VARCHAR(255),
    max_slots INT DEFAULT 20,
    is_active BOOLEAN DEFAULT TRUE,
    is_deleted BOOLEAN DEFAULT FALSE,
    created_at DATETIME DEFAULT CURRENT_TIMESTAMP,
    updated_at DATETIME DEFAULT CURRENT_TIMESTAMP ON UPDATE CURRENT_TIMESTAMP,
    FOREIGN KEY (category_id) REFERENCES tour_categories(id) ON DELETE SET NULL,
    FOREIGN KEY (province_id) REFERENCES provinces(id) ON DELETE SET NULL
);

CREATE TABLE tour_images (
    id INT AUTO_INCREMENT PRIMARY KEY,
    tour_id INT NOT NULL,
    image_url VARCHAR(500) NOT NULL,
    is_primary BOOLEAN DEFAULT FALSE,
    created_at DATETIME DEFAULT CURRENT_TIMESTAMP,
    updated_at DATETIME DEFAULT CURRENT_TIMESTAMP ON UPDATE CURRENT_TIMESTAMP,
    FOREIGN KEY (tour_id) REFERENCES tours(id) ON DELETE CASCADE
);

CREATE TABLE bookings (
    id INT AUTO_INCREMENT PRIMARY KEY,
    customer_id INT,
    tour_id INT NOT NULL,
    account_id INT NOT NULL,
    start_date DATETIME NOT NULL,
    end_date DATETIME NOT NULL,
    total_amount BIGINT NOT NULL,
    paid_amount BIGINT DEFAULT 0,
    status VARCHAR(50) DEFAULT 'pending',
    is_confirmed BOOLEAN DEFAULT FALSE,
    is_deleted BOOLEAN DEFAULT FALSE,
    created_at DATETIME DEFAULT CURRENT_TIMESTAMP,
    updated_at DATETIME DEFAULT CURRENT_TIMESTAMP ON UPDATE CURRENT_TIMESTAMP,
    FOREIGN KEY (customer_id) REFERENCES customers(id) ON DELETE SET NULL,
    FOREIGN KEY (tour_id) REFERENCES tours(id) ON DELETE RESTRICT,
    FOREIGN KEY (account_id) REFERENCES accounts(id) ON DELETE RESTRICT
);

CREATE TABLE promotions (
    id INT AUTO_INCREMENT PRIMARY KEY,
    code VARCHAR(50) UNIQUE NOT NULL,
    discount_type VARCHAR(50),
    discount_value BIGINT NOT NULL,
    min_amount BIGINT DEFAULT 0,
    used_count INT DEFAULT 0,
    start_date DATETIME NOT NULL,
    end_date DATETIME NOT NULL,
    is_active BOOLEAN DEFAULT TRUE,
    description TEXT,
    created_at DATETIME DEFAULT CURRENT_TIMESTAMP,
    updated_at DATETIME DEFAULT CURRENT_TIMESTAMP ON UPDATE CURRENT_TIMESTAMP
);

CREATE TABLE transactions (
    id INT AUTO_INCREMENT PRIMARY KEY,
    booking_id INT NOT NULL,
    account_id INT NOT NULL,
    promotion_id INT,
    amount BIGINT DEFAULT 0,
    transaction_type VARCHAR(50) DEFAULT 'payment',
    created_at DATETIME DEFAULT CURRENT_TIMESTAMP,
    FOREIGN KEY (booking_id) REFERENCES bookings(id),
    FOREIGN KEY (account_id) REFERENCES accounts(id),
    FOREIGN KEY (promotion_id) REFERENCES promotions(id)
);

CREATE TABLE reviews (
    id INT AUTO_INCREMENT PRIMARY KEY,
    tour_id INT NOT NULL,
    account_id INT NOT NULL,
    rating INT,
    comment TEXT,
    is_deleted BOOLEAN DEFAULT FALSE,
    created_at DATETIME DEFAULT CURRENT_TIMESTAMP,
    updated_at DATETIME DEFAULT CURRENT_TIMESTAMP ON UPDATE CURRENT_TIMESTAMP,
    FOREIGN KEY (tour_id) REFERENCES tours(id) ON DELETE CASCADE,
    FOREIGN KEY (account_id) REFERENCES accounts(id) ON DELETE CASCADE
);

CREATE TABLE wishlist (
    id INT AUTO_INCREMENT PRIMARY KEY,
    account_id INT NOT NULL,
    tour_id INT NOT NULL,
    created_at DATETIME DEFAULT CURRENT_TIMESTAMP,
    FOREIGN KEY (account_id) REFERENCES accounts(id) ON DELETE CASCADE,
    FOREIGN KEY (tour_id) REFERENCES tours(id) ON DELETE CASCADE
);

-- =====================================================
-- 2. NẠP DỮ LIỆU ĐỊA LÝ (PROVINCES)
-- =====================================================

INSERT INTO provinces (id, image_id, province_code, province_name, note) VALUES
(1, NULL, '10', 'Tỉnh Thái Nguyên', NULL),
(2, NULL, '11', 'Tỉnh Lạng Sơn', NULL),
(3, NULL, '12', 'Tỉnh Phú Thọ', NULL),
(4, NULL, '13', 'Tỉnh Điện Biên', NULL),
(5, NULL, '14', 'Tỉnh Lai Châu', NULL),
(6, NULL, '15', 'Tỉnh Sơn La', NULL),
(7, NULL, '16', 'Tỉnh Thanh Hóa', NULL),
(8, NULL, '17', 'Tỉnh Nghệ An', NULL),
(9, NULL, '18', 'Tỉnh Hà Tĩnh', NULL),
(10, NULL, '19', 'Tỉnh Quảng Trị', NULL),
(11, NULL, '20', 'Thành phố Huế', NULL),
(12, NULL, '21', 'Tp Đà Nẵng', NULL),
(13, NULL, '22', 'Tỉnh Quảng Ngãi', NULL),
(14, NULL, '23', 'Tỉnh Khánh Hòa', NULL),
(15, NULL, '24', 'Tỉnh Gia Lai', NULL),
(16, NULL, '25', 'Tỉnh Đắk Lắk', NULL),
(17, NULL, '26', 'Tỉnh Lâm Đồng', NULL),
(18, NULL, '27', 'Tỉnh Tây Ninh', NULL),
(19, NULL, '28', 'Tỉnh Đồng Nai', NULL),
(20, NULL, '29', 'Tp Hồ Chí Minh', NULL),
(21, NULL, '30', 'Tỉnh Vĩnh Long', NULL),
(22, NULL, '31', 'Tỉnh Đồng Tháp', NULL),
(23, NULL, '32', 'Tỉnh An Giang', NULL),
(24, NULL, '33', 'Tp Cần Thơ', NULL),
(25, NULL, '34', 'Tỉnh Cà Mau', NULL),
(26, NULL, '01', 'Thành phố Hà Nội', NULL),
(27, NULL, '02', 'Tỉnh Bắc Ninh', NULL),
(28, NULL, '03', 'Tỉnh Quảng Ninh', NULL),
(29, NULL, '04', 'Tp Hải Phòng', NULL),
(30, NULL, '05', 'Tỉnh Hưng Yên', NULL),
(31, NULL, '06', 'Tỉnh Ninh Bình', NULL),
(32, NULL, '07', 'Tỉnh Cao Bằng', NULL),
(33, NULL, '08', 'Tỉnh Tuyên Quang', NULL),
(34, NULL, '09', 'Tỉnh Lào Cai', NULL);
-- =====================================================
-- 2.3. NẠP DỮ LIỆU QUẬN/HUYỆN (DISTRICTS)
-- =====================================================

INSERT INTO districts (id, province_id, district_code, district_name) VALUES
(1, 26, '10105', 'Quận Hoàn Kiếm'),
(2, 26, '10101', 'Quận Ba Đình'),
(3, 26, '10107', 'Quận Hai Bà Trưng'),
(4, 26, '10109', 'Quận Đống Đa'),
(5, 26, '10103', 'Quận Tây Hồ'),
(6, 26, '10108', 'Quận Hoàng Mai'),
(7, 26, '10123', 'Huyện Thanh Trì'),
(8, 26, '10111', 'Quận Thanh Xuân'),
(9, 26, '10113', 'Quận Cầu Giấy'),
(10, 26, '10157', 'Quận Bắc Từ Liêm'),
(11, 26, '10155', 'Quận Nam Từ Liêm'),
(12, 26, '10106', 'Quận Long Biên'),
(13, 26, '10127', 'Quận Hà Đông'),
(14, 26, '10143', 'Huyện Thường Tín'),
(15, 26, '10149', 'Huyện Phú Xuyên'),
(16, 26, '10141', 'Huyện Thanh Oai'),
(17, 26, '10147', 'Huyện Ứng Hoà'),
(18, 26, '10145', 'Huyện Mỹ Đức'),
(19, 26, '10153', 'Huyện Chương Mỹ'),
(20, 26, '10151', 'Huyện Ba Vì'),
(21, 26, '10129', 'Thị xã Sơn Tây'),
(22, 26, '10131', 'Huyện Phúc Thọ'),
(23, 26, '10135', 'Huyện Thạch Thất'),
(24, 26, '10139', 'Huyện Quốc Oai'),
(25, 26, '10137', 'Huyện Hoài Đức'),
(26, 26, '10133', 'Huyện Đan Phượng'),
(27, 26, '10119', 'Huyện Gia Lâm'),
(28, 26, '10117', 'Huyện Đông Anh'),
(29, 26, '10125', 'Huyện Mê Linh'),
(30, 26, '10115', 'Huyện Sóc Sơn'),
(31, 27, '22113', 'Huyện Sơn Động'),
(32, 27, '22107', 'Huyện Lục Ngạn'),
(33, 27, '22121', 'Thị xã Chũ'),
(34, 27, '22115', 'Huyện Lục Nam'),
(35, 27, '22111', 'Huyện Lạng Giang'),
(36, 27, '22103', 'Huyện Yên Thế'),
(37, 27, '22105', 'Huyện Tân Yên'),
(38, 27, '22109', 'Huyện Hiệp Hoà'),
(39, 27, '22117', 'Thị xã Việt Yên'),
(40, 27, '22101', 'Thành phố Bắc Giang'),
(41, 27, '22301', 'Thành phố Bắc Ninh'),
(42, 27, '22313', 'Thị xã Từ Sơn'),
(43, 27, '22309', 'Thị xã Thuận Thành'),
(44, 27, '22305', 'Thị xã Quế Võ'),
(45, 27, '22303', 'Huyện Yên Phong'),
(46, 27, '22307', 'Huyện Tiên Du'),
(47, 27, '22315', 'Huyện Gia Bình'),
(48, 27, '22311', 'Huyện Lương Tài'),
(49, 28, '22521', 'Thành phố Đông Triều'),
(50, 28, '22505', 'Thành phố Uông Bí'),
(51, 28, '22525', 'Thị xã Quảng Yên'),
(52, 28, '22501', 'Thành phố Hạ Long'),
(53, 28, '22503', 'Thành phố Cẩm Phả'),
(54, 28, '22513', 'Huyện Tiên Yên'),
(55, 28, '22515', 'Huyện Ba Chẽ'),
(56, 28, '22527', 'Huyện Đầm Hà'),
(57, 28, '22511', 'Huyện Hải Hà'),
(58, 28, '22507', 'Huyện Bình Liêu'),
(59, 28, '22509', 'Thành phố Móng Cái'),
(60, 28, '22517', 'Huyện Vân Đồn'),
(61, 28, '22523', 'Huyện Cô Tô'),
(62, 29, '10311', 'Thành phố Thuỷ Nguyên'),
(63, 29, '10301', 'Quận Hồng Bàng'),
(64, 29, '10303', 'Quận Ngô Quyền'),
(65, 29, '10305', 'Quận Lê Chân'),
(66, 29, '10304', 'Quận Hải An'),
(67, 29, '10307', 'Quận Kiến An'),
(68, 29, '10309', 'Quận Đồ Sơn'),
(69, 29, '10327', 'Quận Dương Kinh'),
(70, 29, '10313', 'Quận An Dương'),
(71, 29, '10315', 'Huyện An Lão'),
(72, 29, '10317', 'Huyện Kiến Thụy'),
(73, 29, '10319', 'Huyện Tiên Lãng'),
(74, 29, '10321', 'Huyện Vĩnh Bảo'),
(75, 29, '10323', 'Huyện Cát Hải'),
(76, 29, '10325', 'Huyện Bạch Long Vĩ'),
(77, 29, '10701', 'Thành phố Hải Dương'),
(78, 29, '10717', 'Huyện Cẩm Giàng'),
(79, 29, '10703', 'Thành phố Chí Linh'),
(80, 29, '10709', 'Thị xã Kinh Môn'),
(81, 29, '10705', 'Huyện Nam Sách'),
(82, 29, '10707', 'Huyện Thanh Hà'),
(83, 29, '10719', 'Huyện Bình Giang'),
(84, 29, '10713', 'Huyện Gia Lộc'),
(85, 29, '10715', 'Huyện Tứ Kỳ'),
(86, 29, '10723', 'Huyện Ninh Giang'),
(87, 29, '10721', 'Huyện Thanh Miện'),
(88, 29, '10711', 'Huyện Kim Thành'),
(89, 30, '10901', 'Thành phố Hưng Yên'),
(90, 30, '10903', 'Thị xã Mỹ Hào'),
(91, 30, '10913', 'Huyện Tiên Lữ'),
(92, 30, '10911', 'Huyện Phù Cừ'),
(93, 30, '10909', 'Huyện Kim Động'),
(94, 30, '10907', 'Huyện Ân Thi'),
(95, 30, '10905', 'Huyện Khoái Châu'),
(96, 30, '10919', 'Huyện Yên Mỹ'),
(97, 30, '10917', 'Huyện Văn Lâm'),
(98, 30, '10915', 'Huyện Văn Giang'),
(99, 30, '11501', 'Thành phố Thái Bình'),
(100, 30, '11507', 'Huyện Thái Thụy'),
(101, 30, '11515', 'Huyện Tiền Hải'),
(102, 30, '11503', 'Huyện Quỳnh Phụ'),
(103, 30, '11505', 'Huyện Hưng Hà'),
(104, 30, '11509', 'Huyện Đông Hưng'),
(105, 30, '11513', 'Huyện Kiến Xương'),
(106, 30, '11511', 'Huyện Vũ Thư'),
(107, 31, '11707', 'Huyện Gia Viễn'),
(108, 31, '11705', 'Huyện Nho quan'),
(109, 31, '11713', 'Huyện Yên Khánh'),
(110, 31, '11711', 'Huyện Yên Mô'),
(111, 31, '11715', 'Huyện Kim Sơn'),
(112, 31, '11111', 'Huyện Bình Lục'),
(113, 31, '11109', 'Huyện Thanh Liêm'),
(114, 31, '11107', 'Huyện Lý Nhân'),
(115, 31, '11309', 'Huyện Nam Trực'),
(116, 31, '11303', 'Huyện Vụ Bản'),
(117, 31, '11307', 'Huyện Ý Yên'),
(118, 31, '11311', 'Huyện Trực Ninh'),
(119, 31, '11313', 'Huyện Xuân Trường'),
(120, 31, '11319', 'Huyện Hải Hậu'),
(121, 31, '11315', 'Huyện Giao Thuỷ'),
(122, 31, '11317', 'Huyện Nghĩa Hưng'),
(123, 31, '11709', 'Thành phố Hoa Lư'),
(124, 31, '11703', 'Thành phố Tam Điệp'),
(125, 31, '11101', 'Thành phố Phủ Lý'),
(126, 31, '11103', 'Thị xã Duy Tiên'),
(127, 31, '11105', 'Thị xã Kim Bảng'),
(128, 31, '11301', 'Thành phố Nam Định'),
(129, 32, '20301', 'Thành phố Cao Bằng'),
(130, 32, '20323', 'Huyện Bảo Lâm'),
(131, 32, '20303', 'Huyện Bảo Lạc'),
(132, 32, '20313', 'Huyện Nguyên Bình'),
(133, 32, '20305', 'Huyện Hà Quảng'),
(134, 32, '20315', 'Huyện Hoà An'),
(135, 32, '20321', 'Huyện Thạch An'),
(136, 32, '20317', 'Huyện Quảng Hòa'),
(137, 32, '20311', 'Huyện Trùng Khánh'),
(138, 32, '20319', 'Huyện Hạ Lang'),
(139, 33, '21113', 'Huyện Lâm Bình'),
(140, 33, '21103', 'Huyện Na Hang'),
(141, 33, '21105', 'Huyện Chiêm Hoá'),
(142, 33, '21107', 'Huyện Hàm Yên'),
(143, 33, '21109', 'Huyện Yên Sơn'),
(144, 33, '21111', 'Huyện Sơn Dương'),
(145, 33, '21101', 'Thành phố Tuyên Quang'),
(146, 33, '20103', 'Huyện Đồng Văn'),
(147, 33, '20105', 'Huyện Mèo Vạc'),
(148, 33, '20107', 'Huyện Yên Minh'),
(149, 33, '20109', 'Huyện Quản Bạ'),
(150, 33, '20111', 'Huyện Bắc Mê'),
(151, 33, '20101', 'Thành phố Hà Giang'),
(152, 33, '20115', 'Huyện Vị Xuyên'),
(153, 33, '20119', 'Huyện Bắc Quang'),
(154, 33, '20118', 'Huyện Quang Bình'),
(155, 33, '20113', 'Huyện Hoàng Su Phì'),
(156, 33, '20117', 'Huyện Xín Mần'),
(157, 34, '21309', 'Huyện Mù Cang Chải'),
(158, 34, '21315', 'Huyện Văn Chấn'),
(159, 34, '21317', 'Huyện Trạm Tấu'),
(160, 34, '21303', 'Thị xã Nghĩa Lộ'),
(161, 34, '21307', 'Huyện Văn Yên'),
(162, 34, '21305', 'Huyện Lục Yên'),
(163, 34, '21313', 'Huyện Yên Bình'),
(164, 34, '21301', 'Thành phố Yên Bái'),
(165, 34, '21311', 'Huyện Trấn Yên'),
(166, 34, '20511', 'Huyện Bảo Thắng'),
(167, 34, '20501', 'Thành phố Lào Cai'),
(168, 34, '20507', 'Huyện Bát Xát'),
(169, 34, '20515', 'Huyện Bảo Yên'),
(170, 34, '20519', 'Huyện Văn Bàn'),
(171, 34, '20513', 'Thị xã Sa Pa'),
(172, 34, '20509', 'Huyện Bắc Hà'),
(173, 34, '20505', 'Huyện Mường Khương'),
(174, 34, '20521', 'Huyện Si Ma Cai'),
(175, 1, '21501', 'Thành phố Thái Nguyên'),
(176, 1, '21513', 'Huyện Đại Từ'),
(177, 1, '21517', 'Thành phố Phổ Yên'),
(178, 1, '21515', 'Huyện Phú Bình'),
(179, 1, '21511', 'Huyện Đồng Hỷ'),
(180, 1, '21503', 'Thành phố Sông Công'),
(181, 1, '21509', 'Huyện Phú Lương'),
(182, 1, '21505', 'Huyện Định Hoá'),
(183, 1, '21507', 'Huyện Võ Nhai'),
(184, 1, '20704', 'Huyện Pác Nặm'),
(185, 1, '20703', 'Huyện Ba Bể'),
(186, 1, '20713', 'Huyện Chợ Mới'),
(187, 1, '20705', 'Huyện Ngân Sơn'),
(188, 1, '20707', 'Huyện Chợ Đồn'),
(189, 1, '20711', 'Huyện Bạch Thông'),
(190, 1, '20701', 'Thành phố Bắc Kạn'),
(191, 1, '20709', 'Huyện Na Rì'),
(192, 1, '20903', 'Huyện Tràng Định'),
(193, 1, '20907', 'Huyện Bình Gia'),
(194, 1, '20909', 'Huyện Bắc Sơn'),
(195, 1, '20911', 'Huyện Văn Quan'),
(196, 1, '20913', 'Huyện Cao Lộc'),
(197, 1, '20905', 'Huyện Văn Lãng'),
(198, 1, '20915', 'Huyện Lộc Bình'),
(199, 1, '20919', 'Huyện Đình Lập'),
(200, 1, '20921', 'Huyện Hữu Lũng'),
(201, 1, '20917', 'Huyện Chi Lăng'),
(202, 1, '20901', 'Thành phố Lạng Sơn'),
(203, 1, '21701', 'Thành phố Việt Trì'),
(204, 1, '21721', 'Huyện Lâm Thao'),
(205, 1, '21703', 'Thị xã Phú Thọ'),
(206, 1, '21711', 'Huyện Phù Ninh'),
(207, 1, '21709', 'Huyện Thanh Ba'),
(208, 1, '21705', 'Huyện Đoan Hùng'),
(209, 1, '21707', 'Huyện Hạ Hoà'),
(210, 1, '21713', 'Huyện Cẩm Khê'),
(211, 1, '21717', 'Huyện Tam Nông'),
(212, 1, '21723', 'Huyện Thanh Thuỷ'),
(213, 1, '21719', 'Huyện Thanh Sơn'),
(214, 1, '21720', 'Huyện Tân Sơn'),
(215, 1, '21715', 'Huyện Yên Lập'),
(216, 1, '21915', 'Huyện Sông Lô'),
(217, 1, '21903', 'Huyện Lập Thạch'),
(218, 1, '21904', 'Huyện Tam Đảo'),
(219, 1, '21905', 'Huyện Tam Dương'),
(220, 1, '21907', 'Huyện Vĩnh Tường'),
(221, 1, '21909', 'Huyện Yên Lạc'),
(222, 1, '21913', 'Huyện Bình Xuyên'),
(223, 1, '21901', 'Thành phố Vĩnh Yên'),
(224, 1, '21902', 'Thành phố Phúc Yên'),
(225, 1, '30510', 'Huyện Cao Phong'),
(226, 1, '30503', 'Huyện Đà Bắc'),
(227, 1, '30511', 'Huyện Kim Bôi'),
(228, 1, '30515', 'Huyện Lạc Sơn'),
(229, 1, '30517', 'Huyện Lạc Thuỷ'),
(230, 1, '30509', 'Huyện Lương Sơn'),
(231, 1, '30505', 'Huyện Mai Châu'),
(232, 1, '30513', 'Huyện Tân Lạc'),
(233, 1, '30519', 'Huyện Yên Thuỷ'),
(234, 1, '30501', 'Thành phố Hoà Bình'),
(235, 1, '30101', 'TP.Điện Biên Phủ'),
(236, 1, '30103', 'Thị xã Mường Lay'),
(237, 1, '30117', 'Huyện Điện Biên'),
(238, 1, '30115', 'Huyện Tuần Giáo'),
(239, 1, '30113', 'Huyện Tủa Chùa'),
(240, 1, '30111', 'Huyện Mường Chà'),
(241, 1, '30119', 'Huyện Điện Biên Đông'),
(242, 1, '30123', 'Huyện Nậm Pồ'),
(243, 1, '30104', 'Huyện Mường Nhé'),
(244, 1, '30121', 'Huyện Mường Ảng'),
(245, 1, '30209', 'Huyện Than Uyên'),
(246, 1, '30211', 'Huyện Tân Uyên'),
(247, 1, '30205', 'Huyện Tam Đường'),
(248, 1, '30202', 'Thành phố Lai Châu'),
(249, 1, '30203', 'Huyện Phong Thổ'),
(250, 1, '30207', 'Huyện Sìn Hồ'),
(251, 1, '30213', 'Huyện Nậm Nhùn'),
(252, 1, '30201', 'Huyện Mường Tè'),
(253, 1, '30301', 'Thành phố Sơn La'),
(254, 1, '30319', 'Thị xã Mộc Châu'),
(255, 1, '30323', 'Huyện Vân Hồ'),
(256, 1, '30303', 'Huyện Quỳnh Nhai'),
(257, 1, '30307', 'Huyện Thuận Châu'),
(258, 1, '30305', 'Huyện Mường La'),
(259, 1, '30309', 'Huyện Bắc Yên'),
(260, 1, '30311', 'Huyện Phù Yên'),
(261, 1, '30317', 'Huyện Yên Châu'),
(262, 1, '30313', 'Huyện Mai Sơn'),
(263, 1, '30315', 'Huyện Sông Mã'),
(264, 1, '30321', 'Huyện Sốp Cộp'),
(265, 1, '40101', 'Thành phố Thanh Hoá'),
(266, 1, '40105', 'Thành Phố Sầm Sơn'),
(267, 1, '40103', 'Thị xã Bỉm Sơn'),
(268, 1, '40153', 'Thị xã Nghi Sơn'),
(269, 1, '40131', 'Huyện Hà Trung'),
(270, 1, '40139', 'Huyện Hậu Lộc'),
(271, 1, '40133', 'Huyện Nga Sơn'),
(272, 1, '40143', 'Huyện Hoằng Hoá'),
(273, 1, '40149', 'Huyện Quảng Xương'),
(274, 1, '40151', 'Huyện Nông Cống'),
(275, 1, '40141', 'Huyện Thiệu Hoá'),
(276, 1, '40135', 'Huyện Yên Định'),
(277, 1, '40137', 'Huyện Thọ Xuân'),
(278, 1, '40129', 'Huyện Vĩnh Lộc'),
(279, 1, '40147', 'Huyện Triệu Sơn'),
(280, 1, '40107', 'Huyện Mường Lát'),
(281, 1, '40109', 'Huyện Quan Hoá'),
(282, 1, '40111', 'Huyện Quan Sơn'),
(283, 1, '40117', 'Huyện Lang Chánh'),
(284, 1, '40113', 'Huyện Bá Thước'),
(285, 1, '40121', 'Huyện Ngọc Lặc'),
(286, 1, '40115', 'Huyện Cẩm Thuỷ'),
(287, 1, '40119', 'Huyện Thạch Thành'),
(288, 1, '40125', 'Huyện Như Xuân'),
(289, 1, '40127', 'Huyện Như Thanh'),
(290, 1, '40123', 'Huyện Thường Xuân'),
(291, 1, '40327', 'Huyện Anh Sơn'),
(292, 1, '40321', 'Huyện Con Cuông'),
(293, 1, '40325', 'Huyện Diễn Châu'),
(294, 1, '40329', 'Huyện Đô Lương'),
(295, 1, '40339', 'Thị xã Hoàng Mai'),
(296, 1, '40337', 'Huyện Hưng Nguyên'),
(297, 1, '40309', 'Huyện Kỳ Sơn'),
(298, 1, '40335', 'Huyện Nam Đàn'),
(299, 1, '40313', 'Huyện Nghĩa Đàn'),
(300, 1, '40333', 'Huyện Nghi Lộc'),
(301, 1, '40305', 'Huyện Quế Phong'),
(302, 1, '40307', 'Huyện Quỳ Châu'),
(303, 1, '40311', 'Huyện Quỳ Hợp'),
(304, 1, '40317', 'Huyện Quỳnh Lưu'),
(305, 1, '40319', 'Huyện Tân Kỳ'),
(306, 1, '40314', 'Thị xã Thái Hoà'),
(307, 1, '40331', 'Huyện Thanh Chương'),
(308, 1, '40315', 'Huyện Tương Dương'),
(309, 1, '40301', 'Thành phố Vinh'),
(310, 1, '40323', 'Huyện Yên Thành'),
(311, 1, '40520', 'Thị xã Kỳ Anh'),
(312, 1, '40519', 'Huyện Kỳ Anh'),
(313, 1, '40515', 'Huyện Cẩm Xuyên'),
(314, 1, '40501', 'Thành phố Hà Tĩnh'),
(315, 1, '40513', 'Huyện Thạch Hà'),
(316, 1, '40511', 'Huyện Can Lộc'),
(317, 1, '40503', 'Thị xã Hồng Lĩnh'),
(318, 1, '40505', 'Huyện Nghi Xuân'),
(319, 1, '40507', 'Huyện Đức Thọ'),
(320, 1, '40509', 'Huyện Hương Sơn'),
(321, 1, '40521', 'Huyện Vũ Quang'),
(322, 1, '40517', 'Huyện Hương Khê'),
(323, 1, '40701', 'Thành phố Đồng Hới'),
(324, 1, '40715', 'Thị xã Ba Đồn'),
(325, 1, '40705', 'Huyện Minh Hoá'),
(326, 1, '40703', 'Huyện Tuyên Hoá'),
(327, 1, '40707', 'Huyện Quảng Trạch'),
(328, 1, '40709', 'Huyện Bố Trạch'),
(329, 1, '40711', 'Huyện Quảng Ninh'),
(330, 1, '40713', 'Huyện Lệ Thuỷ'),
(331, 1, '40901', 'Thành phố Đông Hà'),
(332, 1, '40903', 'Thị xã Quảng Trị'),
(333, 1, '40905', 'Huyện Vĩnh Linh'),
(334, 1, '40907', 'Huyện Gio Linh'),
(335, 1, '40915', 'Huyện Hướng Hoá'),
(336, 1, '40917', 'Huyện Đa Krông'),
(337, 1, '40909', 'Huyện Cam Lộ'),
(338, 1, '40911', 'Huyện Triệu Phong'),
(339, 1, '40913', 'Huyện Hải Lăng'),
(340, 1, '40919', 'Huyện Đảo Cồn Cỏ'),
(341, 1, '41109', 'Huyện Phú Vang'),
(342, 1, '41119', 'Quận Phú Xuân'),
(343, 1, '41101', 'Quận Thuận Hóa'),
(344, 1, '41107', 'Thị xã Hương Trà'),
(345, 1, '41111', 'Thị xã Hương Thuỷ'),
(346, 1, '41103', 'Thị xã Phong Điền'),
(347, 1, '41105', 'Huyện Quảng Điền'),
(348, 1, '41113', 'Huyện Phú Lộc'),
(349, 1, '41115', 'Huyện A Lưới'),
(350, 1, '50101', 'Quận Hải Châu'),
(351, 1, '50103', 'Quận Thanh Khê'),
(352, 1, '50115', 'Quận Cẩm Lệ'),
(353, 1, '50105', 'Quận Sơn Trà'),
(354, 1, '50107', 'Quận Ngũ Hành Sơn'),
(355, 1, '50109', 'Quận Liên Chiểu'),
(356, 1, '50111', 'Huyện Hoà Vang'),
(357, 1, '50113', 'Huyện đảo Hoàng Sa'),
(358, 1, '50325', 'Huyện Núi Thành'),
(359, 1, '50301', 'Thành phố Tam Kỳ'),
(360, 1, '50302', 'Huyện Phú Ninh'),
(361, 1, '50321', 'Huyện Tiên Phước'),
(362, 1, '50327', 'Huyện Bắc Trà My'),
(363, 1, '50329', 'Huyện Nam Trà My'),
(364, 1, '50315', 'Huyện Thăng Bình'),
(365, 1, '50317', 'Huyện Quế Sơn'),
(366, 1, '50311', 'Huyện Duy Xuyên'),
(367, 1, '50309', 'Thị xã Điện Bàn'),
(368, 1, '50303', 'Thành phố Hội An'),
(369, 1, '50307', 'Huyện Đại Lộc'),
(370, 1, '50313', 'Huyện Nam Giang'),
(371, 1, '50305', 'Huyện Đông Giang'),
(372, 1, '50304', 'Huyện Tây Giang'),
(373, 1, '50319', 'Huyện Hiệp Đức'),
(374, 1, '50323', 'Huyện Phước Sơn'),
(375, 1, '50501', 'Thành phố Quảng Ngãi'),
(376, 1, '50523', 'Thị xã Đức Phổ'),
(377, 1, '50505', 'Huyện Bình Sơn'),
(378, 1, '50509', 'Huyện Sơn Tịnh'),
(379, 1, '50515', 'Huyện Tư Nghĩa'),
(380, 1, '50517', 'Huyện Nghĩa Hành'),
(381, 1, '50521', 'Huyện Mộ Đức'),
(382, 1, '50507', 'Huyện Trà Bồng'),
(383, 1, '50513', 'Huyện Sơn Hà'),
(384, 1, '50511', 'Huyện Sơn Tây'),
(385, 1, '50519', 'Huyện Minh Long'),
(386, 1, '50525', 'Huyện Ba Tơ'),
(387, 1, '50503', 'Huyện Lý Sơn'),
(388, 1, '60101', 'Thành phố Kon Tum'),
(389, 1, '60111', 'Huyện Đăk Hà'),
(390, 1, '60107', 'Huyện Đắk Tô'),
(391, 1, '60115', 'Huyện Tu Mơ Rông'),
(392, 1, '60105', 'Huyện Ngọc Hồi'),
(393, 1, '60103', 'Huyện Đắk Glei'),
(394, 1, '60113', 'Huyện Sa Thầy'),
(395, 1, '60114', 'Huyện Ia H’Drai'),
(396, 1, '60108', 'Huyện Kon Rẫy'),
(397, 1, '60109', 'Huyện Kon Plông'),
(398, 1, '51101', 'Thành phố Nha Trang'),
(399, 1, '51109', 'Thành phố Cam Ranh'),
(400, 1, '51105', 'Thị xã Ninh Hoà'),
(401, 1, '51103', 'Huyện Vạn Ninh'),
(402, 1, '51107', 'Huyện Diên Khánh'),
(403, 1, '51117', 'Huyện Cam Lâm'),
(404, 1, '51111', 'Huyện Khánh Vĩnh'),
(405, 1, '51113', 'Huyện Khánh Sơn'),
(406, 1, '51115', 'Huyện Trường Sa'),
(407, 1, '70501', 'TP.Phan Rang-Tháp Chàm'),
(408, 1, '70505', 'Huyện Ninh Hải'),
(409, 1, '70507', 'Huyện Ninh Phước'),
(410, 1, '70513', 'Huyện Thuận Nam'),
(411, 1, '70511', 'Huyện Thuận Bắc'),
(412, 1, '70503', 'Huyện Ninh Sơn'),
(413, 1, '70509', 'Huyện Bác Ái'),
(414, 1, '50701', 'Thành phố Quy Nhơn'),
(415, 1, '50717', 'Thị xã An Nhơn'),
(416, 1, '50705', 'Thị xã Hoài Nhơn'),
(417, 1, '50713', 'Huyện Phù Cát'),
(418, 1, '50709', 'Huyện Phù Mỹ'),
(419, 1, '50719', 'Huyện Tuy Phước'),
(420, 1, '50715', 'Huyện Tây Sơn'),
(421, 1, '50707', 'Huyện Hoài Ân'),
(422, 1, '50721', 'Huyện Vân Canh'),
(423, 1, '50711', 'Huyện Vĩnh Thạnh'),
(424, 1, '50703', 'Huyện An Lão'),
(425, 1, '60301', 'Thành phố Pleiku'),
(426, 1, '60307', 'Huyện Chư Păh'),
(427, 1, '60317', 'Huyện Chư Prông'),
(428, 1, '60319', 'Huyện Chư Sê'),
(429, 1, '60331', 'Huyện Chư Pưh'),
(430, 1, '60311', 'Thị xã An Khê'),
(431, 1, '60327', 'Huyện ĐakPơ'),
(432, 1, '60303', 'Huyện Kbang'),
(433, 1, '60313', 'Huyện Kông Chro'),
(434, 1, '60321', 'Thị xã Ayun Pa'),
(435, 1, '60329', 'Huyện Phú Thiện'),
(436, 1, '60320', 'Huyện IaPa'),
(437, 1, '60323', 'Huyện Krông Pa'),
(438, 1, '60325', 'Huyện Đak Đoa'),
(439, 1, '60305', 'Huyện Mang Yang'),
(440, 1, '60309', 'Huyện Ia Grai'),
(441, 1, '60315', 'Huyện Đức Cơ'),
(442, 1, '60501', 'TP.Buôn Ma Thuột'),
(443, 1, '60509', 'Thị xã Buôn Hồ'),
(444, 1, '60505', 'Huyện Ea Súp'),
(445, 1, '60511', 'Huyện Buôn Đôn'),
(446, 1, '60513', 'Huyện Cư M’gar'),
(447, 1, '60539', 'Huyện Krông Buk'),
(448, 1, '60503', 'Huyện Ea H’leo'),
(449, 1, '60507', 'Huyện Krông Năng'),
(450, 1, '60519', 'Huyện Krông Pắc'),
(451, 1, '60515', 'Huyện Ea Kar'),
(452, 1, '60517', 'Huyện M’ĐrắK'),
(453, 1, '60525', 'Huyện Krông Bông'),
(454, 1, '60531', 'Huyện Lắk'),
(455, 1, '60537', 'Huyện Cư Kuin'),
(456, 1, '60523', 'Huyện Krông A Na'),
(457, 1, '50901', 'Thành phố Tuy Hoà'),
(458, 1, '50905', 'Thị xã Sông Cầu'),
(459, 1, '50911', 'Thị xã Đông Hòa'),
(460, 1, '50907', 'Huyện Tuy An'),
(461, 1, '50915', 'Huyện Phú Hoà'),
(462, 1, '50912', 'Huyện Tây Hoà'),
(463, 1, '50909', 'Huyện Sơn Hoà'),
(464, 1, '50913', 'Huyện Sông Hinh'),
(465, 1, '50903', 'Huyện Đồng Xuân'),
(466, 1, '70301', 'Thành phố Đà Lạt'),
(467, 1, '70305', 'Huyện Lạc Dương'),
(468, 1, '70303', 'Thành phố Bảo Lộc'),
(469, 1, '70307', 'Huyện Đơn Dương'),
(470, 1, '70309', 'Huyện Đức Trọng'),
(471, 1, '70311', 'Huyện Lâm Hà'),
(472, 1, '70323', 'Huyện Đam Rông'),
(473, 1, '70315', 'Huyện Di Linh'),
(474, 1, '70313', 'Huyện Bảo Lâm'),
(475, 1, '70317', 'Huyện Đạ Huoai'),
(476, 1, '71501', 'Thành phố Phan Thiết'),
(477, 1, '71513', 'Thị xã La Gi'),
(478, 1, '71503', 'Huyện Tuy Phong'),
(479, 1, '71505', 'Huyện Bắc Bình'),
(480, 1, '71507', 'Huyện Hàm Thuận Bắc'),
(481, 1, '71509', 'Huyện Hàm Thuận Nam'),
(482, 1, '71514', 'Huyện Hàm Tân'),
(483, 1, '71511', 'Huyện Tánh Linh'),
(484, 1, '71515', 'Huyện Đức Linh'),
(485, 1, '71517', 'Huyện Phú Quý'),
(486, 1, '60613', 'Thành phố Gia Nghĩa'),
(487, 1, '60603', 'Huyện Cư Jút'),
(488, 1, '60607', 'Huyện Đắk Mil'),
(489, 1, '60605', 'Huyện Krông Nô'),
(490, 1, '60609', 'Huyện Đắk Song'),
(491, 1, '60615', 'Huyện Đắk Glong'),
(492, 1, '60617', 'Huyện Tuy Đức'),
(493, 1, '60611', 'Huyện Đắk R’Lấp'),
(494, 1, '80103', 'Huyện Tân Hưng'),
(495, 1, '80105', 'Huyện Vĩnh Hưng'),
(496, 1, '80129', 'Thị xã Kiến Tường'),
(497, 1, '80107', 'Huyện Mộc Hoá'),
(498, 1, '80109', 'Huyện Tân Thạnh'),
(499, 1, '80111', 'Huyện Thạnh Hoá'),
(500, 1, '80119', 'Huyện Thủ Thừa'),
(501, 1, '80113', 'Huyện Đức Huệ'),
(502, 1, '80115', 'Huyện Đức Hoà'),
(503, 1, '80117', 'Huyện Bến Lức'),
(504, 1, '80125', 'Huyện Cần Đước'),
(505, 1, '80127', 'Huyện Cần Giuộc'),
(506, 1, '80123', 'Huyện Tân Trụ'),
(507, 1, '80121', 'Huyện Châu Thành'),
(508, 1, '80101', 'Thành phố Tân An'),
(509, 1, '70901', 'Thành phố Tây Ninh'),
(510, 1, '70907', 'Huyện Dương Minh Châu'),
(511, 1, '70911', 'Thị xã Hoà Thành'),
(512, 1, '70917', 'Thị xã Trảng Bàng'),
(513, 1, '70915', 'Huyện Gò Dầu'),
(514, 1, '70905', 'Huyện Tân Châu'),
(515, 1, '70903', 'Huyện Tân Biên'),
(516, 1, '70909', 'Huyện Châu Thành'),
(517, 1, '70913', 'Huyện Bến Cầu'),
(518, 1, '71301', 'Thành phố Biên Hoà'),
(519, 1, '71317', 'Huyện Nhơn Trạch'),
(520, 1, '71315', 'Huyện Long Thành'),
(521, 1, '71308', 'Huyện Trảng Bom'),
(522, 1, '71309', 'Huyện Thống Nhất'),
(523, 1, '71305', 'Huyện Định Quán'),
(524, 1, '71302', 'Thành phố Long khánh'),
(525, 1, '71311', 'Huyện Cẩm Mỹ'),
(526, 1, '71313', 'Huyện Xuân Lộc'),
(527, 1, '71303', 'Huyện Tân Phú'),
(528, 1, '71307', 'Huyện Vĩnh Cửu'),
(529, 1, '70710', 'Huyện Chơn Thành'),
(530, 1, '70713', 'Huyện Hớn Quản'),
(531, 1, '70709', 'Thị xã Bình Long'),
(532, 1, '70705', 'Huyện Lộc Ninh'),
(533, 1, '70706', 'Huyện Bù Đốp'),
(534, 1, '70715', 'Huyện Bù Gia Mập'),
(535, 1, '70703', 'Thị xã Phước Long'),
(536, 1, '70716', 'Huyện Phú Riềng'),
(537, 1, '70711', 'Thành phố Đồng Xoài'),
(538, 1, '70701', 'Huyện Đồng Phú'),
(539, 1, '70707', 'Huyện Bù Đăng'),
(540, 1, '71701', 'Thành phố Vũng Tàu'),
(541, 1, '71703', 'Thành phố Bà Rịa'),
(542, 1, '71709', 'Thành phố Phú Mỹ'),
(543, 1, '71705', 'Huyện Châu Đức'),
(544, 1, '71707', 'Huyện Xuyên Mộc'),
(545, 1, '71712', 'Huyện Long Đất'),
(546, 1, '71713', 'Huyện Côn Đảo'),
(547, 1, '71109', 'Thành phố Dĩ An'),
(548, 1, '71107', 'Thành phố Thuận An'),
(549, 1, '71101', 'Thành phố Thủ Dầu Một'),
(550, 1, '71105', 'Thành phố Tân Uyên'),
(551, 1, '71103', 'Thành phố Bến Cát'),
(552, 1, '71113', 'Huyện Dầu Tiếng'),
(553, 1, '71115', 'Huyện Bàu Bàng'),
(554, 1, '71117', 'Huyện Bắc Tân Uyên'),
(555, 1, '71111', 'Huyện Phú Giáo'),
(556, 1, '70101', 'Quận 1'),
(557, 1, '70105', 'Quận 3'),
(558, 1, '70107', 'Quận 4'),
(559, 1, '70109', 'Quận 5'),
(560, 1, '70111', 'Quận 6'),
(561, 1, '70113', 'Quận 7'),
(562, 1, '70115', 'Quận 8'),
(563, 1, '70119', 'Quận 10'),
(564, 1, '70121', 'Quận 11'),
(565, 1, '70123', 'Quận 12'),
(566, 1, '70134', 'Quận Bình Tân'),
(567, 1, '70129', 'Quận Bình Thạnh'),
(568, 1, '70125', 'Quận Gò Vấp'),
(569, 1, '70131', 'Quận Phú Nhuận'),
(570, 1, '70127', 'Quận Tân Bình'),
(571, 1, '70128', 'Quận Tân Phú'),
(572, 1, '70145', 'Thành phố Thủ Đức'),
(573, 1, '70139', 'Huyện Bình Chánh'),
(574, 1, '70143', 'Huyện Cần Giờ'),
(575, 1, '70135', 'Huyện Củ Chi'),
(576, 1, '70137', 'Huyện Hóc Môn'),
(577, 1, '70141', 'Huyện Nhà Bè'),
(578, 1, '81701', 'Thành phố Trà Vinh'),
(579, 1, '80905', 'Huyện Mang Thít'),
(580, 1, '81703', 'Huyện Càng Long'),
(581, 1, '80903', 'Huyện Long Hồ'),
(582, 1, '80901', 'Thành phố Vĩnh Long'),
(583, 1, '81705', 'Huyện Châu Thành'),
(584, 1, '80913', 'Huyện Vũng Liêm'),
(585, 1, '81707', 'Huyện Cầu Kè'),
(586, 1, '81709', 'Huyện Tiểu Cần'),
(587, 1, '80911', 'Huyện Trà Ôn'),
(588, 1, '81711', 'Huyện Cầu Ngang'),
(589, 1, '80909', 'Huyện Tam Bình'),
(590, 1, '81713', 'Huyện Trà Cú'),
(591, 1, '80908', 'Huyện Bình Tân'),
(592, 1, '80907', 'Thị xã Bình Minh'),
(593, 1, '81716', 'Thị xã Duyên Hải'),
(594, 1, '81715', 'Huyện Duyên Hải'),
(595, 1, '81101', 'Thành phố Bến Tre'),
(596, 1, '81103', 'Huyện Châu Thành'),
(597, 1, '81105', 'Huyện Chợ Lách'),
(598, 1, '81108', 'Huyện Mỏ Cày Bắc'),
(599, 1, '81107', 'Huyện Mỏ Cày Nam'),
(600, 1, '81115', 'Huyện Thạnh Phú'),
(601, 1, '81113', 'Huyện Ba Tri'),
(602, 1, '81109', 'Huyện Giồng Trôm'),
(603, 1, '81111', 'Huyện Bình Đại'),
(604, 1, '80701', 'Thành phố Mỹ Tho'),
(605, 1, '80703', 'Thành phố Gò Công'),
(606, 1, '80721', 'Thị xã Cai Lậy'),
(607, 1, '80713', 'Huyện Cái Bè'),
(608, 1, '80709', 'Huyện Cai Lậy'),
(609, 1, '80705', 'Huyện Tân Phước'),
(610, 1, '80707', 'Huyện Châu Thành'),
(611, 1, '80711', 'Huyện Chợ Gạo'),
(612, 1, '80715', 'Huyện Gò Công Tây'),
(613, 1, '80717', 'Huyện Gò Công Đông'),
(614, 1, '80719', 'Huyện Tân Phú Đông'),
(615, 1, '80305', 'Huyện Tân Hồng'),
(616, 1, '80323', 'Thành phố Hồng Ngự'),
(617, 1, '80307', 'Huyện Hồng Ngự'),
(618, 1, '80309', 'Huyện Tam Nông'),
(619, 1, '80311', 'Huyện Thanh Bình'),
(620, 1, '80313', 'Huyện Tháp Mười'),
(621, 1, '80315', 'Huyện Cao Lãnh'),
(622, 1, '80301', 'Thành phố Cao Lãnh'),
(623, 1, '80317', 'Huyện Lấp Vò'),
(624, 1, '80319', 'Huyện Lai Vung'),
(625, 1, '80303', 'Thành phố Sa Đéc'),
(626, 1, '80321', 'Huyện Châu Thành'),
(627, 1, '80501', 'Thành phố Long Xuyên'),
(628, 1, '80503', 'Thành phố Châu Đốc'),
(629, 1, '80505', 'Huyện An Phú'),
(630, 1, '80507', 'Thị xã Tân Châu'),
(631, 1, '80509', 'Huyện Phú Tân'),
(632, 1, '80511', 'Huyện Châu Phú'),
(633, 1, '80513', 'Thị xã Tịnh Biên'),
(634, 1, '80515', 'Huyện Tri Tôn'),
(635, 1, '80519', 'Huyện Châu Thành'),
(636, 1, '80517', 'Huyện Chợ Mới'),
(637, 1, '80521', 'Huyện Thoại Sơn'),
(638, 1, '81319', 'Huyện Vĩnh Thuận'),
(639, 1, '81327', 'Huyện U Minh Thượng'),
(640, 1, '81317', 'Huyện An Minh'),
(641, 1, '81315', 'Huyện An Biên'),
(642, 1, '81313', 'Huyện Gò Quao'),
(643, 1, '81311', 'Huyện Giồng Riềng'),
(644, 1, '81307', 'Huyện Tân Hiệp'),
(645, 1, '81309', 'Huyện Châu Thành'),
(646, 1, '81305', 'Huyện Hòn Đất'),
(647, 1, '81304', 'Huyện Giang Thành'),
(648, 1, '81303', 'Huyện Kiên Lương'),
(649, 1, '81323', 'Huyện Kiên Hải'),
(650, 1, '81301', 'Thành phố Rạch Giá'),
(651, 1, '81325', 'Thành phố Hà Tiên'),
(652, 1, '81321', 'Thành phố Phú Quốc'),
(653, 1, '81519', 'Quận Ninh Kiều'),
(654, 1, '81521', 'Quận Bình Thuỷ'),
(655, 1, '81523', 'Quận Cái Răng'),
(656, 1, '81505', 'Quận Ô Môn'),
(657, 1, '81503', 'Quận Thốt Nốt'),
(658, 1, '81529', 'Huyện Phong Điền'),
(659, 1, '81531', 'Huyện Thới Lai'),
(660, 1, '81527', 'Huyện Cờ Đỏ'),
(661, 1, '81525', 'Huyện Vĩnh Thạnh'),
(662, 1, '81601', 'Thành phố Vị Thanh'),
(663, 1, '81609', 'Huyện Vị Thủy'),
(664, 1, '81611', 'Huyện Long Mỹ'),
(665, 1, '81612', 'Thị xã Long Mỹ'),
(666, 1, '81603', 'Huyện Châu Thành A'),
(667, 1, '81605', 'Huyện Châu Thành'),
(668, 1, '81607', 'Thành phố Ngã Bảy'),
(669, 1, '81608', 'Huyện Phụng Hiệp'),
(670, 1, '81901', 'Thành phố Sóc Trăng'),
(671, 1, '81909', 'Huyện Mỹ Xuyên'),
(672, 1, '81905', 'Huyện Long Phú'),
(673, 1, '81903', 'Huyện Kế Sách'),
(674, 1, '81915', 'Huyện Châu Thành'),
(675, 1, '81907', 'Huyện Mỹ Tú'),
(676, 1, '81913', 'Thị xã Vĩnh Châu'),
(677, 1, '81912', 'Thị xã Ngã Năm'),
(678, 1, '81911', 'Huyện Thạnh Trị'),
(679, 1, '81917', 'Huyện Trần Đề'),
(680, 1, '81906', 'Huyện Cù Lao Dung'),
(681, 1, '82301', 'Thành phố Cà Mau'),
(682, 1, '82311', 'Huyện Đầm Dơi'),
(683, 1, '82305', 'Huyện U Minh'),
(684, 1, '82313', 'Huyện Ngọc Hiển'),
(685, 1, '82307', 'Huyện Trần Văn Thời'),
(686, 1, '82303', 'Huyện Thới Bình'),
(687, 1, '82312', 'Huyện Năm Căn'),
(688, 1, '82308', 'Huyện Phú Tân'),
(689, 1, '82309', 'Huyện Cái Nước'),
(690, 1, '82101', 'Thành phố Bạc Liêu'),
(691, 1, '82107', 'Thị xã Giá Rai'),
(692, 1, '82103', 'Huyện Hồng Dân'),
(693, 1, '82111', 'Huyện Đông Hải'),
(694, 1, '82106', 'Huyện Hoà Bình'),
(695, 1, '82109', 'Huyện Phước Long'),
(696, 1, '82105', 'Huyện Vĩnh Lợi');

-- =====================================================
-- 2.4. NẠP DỮ LIỆU PHƯỜNG/XÃ (WARDS) - PHẦN ĐẦU (1-1000)
-- =====================================================

INSERT INTO wards (id, district_id, ward_code, ward_name) VALUES
(1, 1, '10105001', 'Phường Hoàn Kiếm'),
(2, 1, '10105002', 'Phường Cửa Nam'),
(3, 2, '10101003', 'Phường Ba Đình'),
(4, 2, '10101004', 'Phường Ngọc Hà'),
(5, 2, '10101005', 'Phường Giảng Võ'),
(6, 3, '10107006', 'Phường Hai Bà Trưng'),
(7, 3, '10107007', 'Phường Vĩnh Tuy'),
(8, 3, '10107008', 'Phường Bạch Mai'),
(9, 4, '10109009', 'Phường Đống Đa'),
(10, 4, '10109010', 'Phường Kim Liên'),
(11, 4, '10109011', 'Phường Văn Miếu - Quốc Tử Giám'),
(12, 4, '10109012', 'Phường Láng'),
(13, 4, '10109013', 'Phường Ô Chợ Dừa'),
(14, 5, '10103014', 'Phường Hồng Hà'),
(15, 6, '10108015', 'Phường Lĩnh Nam'),
(16, 6, '10108016', 'Phường Hoàng Mai'),
(17, 6, '10108017', 'Phường Vĩnh Hưng'),
(18, 6, '10108018', 'Phường Tương Mai'),
(19, 6, '10108019', 'Phường Định Công'),
(20, 7, '10123020', 'Phường Hoàng Liệt'),
(21, 6, '10108021', 'Phường Yên Sở'),
(22, 8, '10111022', 'Phường Thanh Xuân'),
(23, 8, '10111023', 'Phường Khương Đình'),
(24, 8, '10111024', 'Phường Phương Liệt'),
(25, 9, '10113025', 'Phường Cầu Giấy'),
(26, 9, '10113026', 'Phường Nghĩa Đô'),
(27, 9, '10113027', 'Phường Yên Hoà'),
(28, 5, '10103028', 'Phường Tây Hồ'),
(29, 10, '10157029', 'Phường Phú Thượng'),
(30, 10, '10157030', 'Phường Tây Tựu'),
(31, 10, '10157031', 'Phường Phú Diễn'),
(32, 10, '10157032', 'Phường Xuân Đỉnh'),
(33, 10, '10157033', 'Phường Đông Ngạc'),
(34, 10, '10157034', 'Phường Thượng Cát'),
(35, 11, '10155035', 'Phường Từ Liêm'),
(36, 11, '10155036', 'Phường Xuân Phương'),
(37, 11, '10155037', 'Phường Tây Mỗ'),
(38, 11, '10155038', 'Phường Đại Mỗ'),
(39, 12, '10106039', 'Phường Long Biên'),
(40, 12, '10106040', 'Phường Bồ Đề'),
(41, 12, '10106041', 'Phường Việt Hưng'),
(42, 12, '10106042', 'Phường Phúc Lợi'),
(43, 13, '10127043', 'Phường Hà Đông'),
(44, 13, '10127044', 'Phường Dương Nội'),
(45, 13, '10127045', 'Phường Yên Nghĩa'),
(46, 13, '10127046', 'Phường Phú Lương'),
(47, 13, '10127047', 'Phường Kiến Hưng'),
(48, 7, '10123048', 'Xã Thanh Trì'),
(49, 7, '10123049', 'Xã Đại Thanh'),
(50, 7, '10123050', 'Xã Nam Phù'),
(51, 7, '10123051', 'Xã Ngọc Hồi'),
(52, 7, '10123052', 'Phường Thanh Liệt'),
(53, 14, '10143053', 'Xã Thượng Phúc'),
(54, 14, '10143054', 'Xã Thường Tín'),
(55, 14, '10143055', 'Xã Chương Dương'),
(56, 14, '10143056', 'Xã Hồng Vân'),
(57, 15, '10149057', 'Xã Phú Xuyên'),
(58, 15, '10149058', 'Xã Phượng Dực'),
(59, 15, '10149059', 'Xã Chuyên Mỹ'),
(60, 15, '10149060', 'Xã Đại Xuyên'),
(61, 16, '10141061', 'Xã Thanh Oai'),
(62, 16, '10141062', 'Xã Bình Minh'),
(63, 16, '10141063', 'Xã Tam Hưng'),
(64, 16, '10141064', 'Xã Dân Hoà'),
(65, 17, '10147065', 'Xã Vân Đình'),
(66, 17, '10147066', 'Xã Ứng Thiên'),
(67, 17, '10147067', 'Xã Hoà Xá'),
(68, 17, '10147068', 'Xã Ứng Hoà'),
(69, 18, '10145069', 'Xã Mỹ Đức'),
(70, 18, '10145070', 'Xã Hồng Sơn'),
(71, 18, '10145071', 'Xã Phúc Sơn'),
(72, 18, '10145072', 'Xã Hương Sơn'),
(73, 19, '10153073', 'Phường Chương Mỹ'),
(74, 19, '10153074', 'Xã Phú Nghĩa'),
(75, 19, '10153075', 'Xã Xuân Mai'),
(76, 19, '10153076', 'Xã Trần Phú'),
(77, 19, '10153077', 'Xã Hoà Phú'),
(78, 19, '10153078', 'Xã Quảng Bị'),
(79, 20, '10151079', 'Xã Minh Châu'),
(80, 20, '10151080', 'Xã Quảng Oai'),
(81, 20, '10151081', 'Xã Vật Lại'),
(82, 20, '10151082', 'Xã Cổ Đô'),
(83, 20, '10151083', 'Xã Bất Bạt'),
(84, 20, '10151084', 'Xã Suối Hai'),
(85, 20, '10151085', 'Xã Ba Vì'),
(86, 20, '10151086', 'Xã Yên Bài'),
(87, 21, '10129087', 'Phường Sơn Tây'),
(88, 21, '10129088', 'Phường Tùng Thiện'),
(89, 21, '10129089', 'Xã Đoài Phương'),
(90, 22, '10131090', 'Xã Phúc Thọ'),
(91, 22, '10131091', 'Xã Phúc Lộc'),
(92, 22, '10131092', 'Xã Hát Môn'),
(93, 23, '10135093', 'Xã Thạch Thất'),
(94, 23, '10135094', 'Xã Hạ Bằng'),
(95, 23, '10135095', 'Xã Tây Phương'),
(96, 23, '10135096', 'Xã Hoà Lạc'),
(97, 23, '10135097', 'Xã Yên Xuân'),
(98, 24, '10139098', 'Xã Quốc Oai'),
(99, 24, '10139099', 'Xã Hưng Đạo'),
(100, 24, '10139100', 'Xã Kiều Phú'),
(101, 24, '10139101', 'Xã Phú Cát'),
(102, 25, '10137102', 'Xã Hoài Đức'),
(103, 25, '10137103', 'Xã Dương Hoà'),
(104, 25, '10137104', 'Xã Sơn Đồng'),
(105, 25, '10137105', 'Xã An Khánh'),
(106, 26, '10133106', 'Xã Đan Phượng'),
(107, 26, '10133107', 'Xã Ô Diên'),
(108, 26, '10133108', 'Xã Liên Minh'),
(109, 27, '10119109', 'Xã Gia Lâm'),
(110, 27, '10119110', 'Xã Thuận An'),
(111, 27, '10119111', 'Xã Bát Tràng'),
(112, 27, '10119112', 'Xã Phù Đổng'),
(113, 28, '10117113', 'Xã Thư Lâm'),
(114, 28, '10117114', 'Xã Đông Anh'),
(115, 28, '10117115', 'Xã Phúc Thịnh'),
(116, 28, '10117116', 'Xã Thiên Lộc'),
(117, 28, '10117117', 'Xã Vĩnh Thanh'),
(118, 29, '10125118', 'Xã Mê Linh'),
(119, 29, '10125119', 'Xã Yên Lãng'),
(120, 29, '10125120', 'Xã Tiến Thắng'),
(121, 29, '10125121', 'Xã Quang Minh'),
(122, 30, '10115122', 'Xã Sóc Sơn'),
(123, 30, '10115123', 'Xã Đa Phúc'),
(124, 30, '10115124', 'Xã Nội Bài'),
(125, 30, '10115125', 'Xã Trung Giã'),
(126, 30, '10115126', 'Xã Kim Anh'),
(127, 31, '22113001', 'Xã Đại Sơn'),
(128, 31, '22113002', 'Xã Sơn Động'),
(129, 31, '22113003', 'Xã Tây Yên Tử'),
(130, 31, '22113004', 'Xã Dương Hưu'),
(131, 31, '22113005', 'Xã Yên Định'),
(132, 31, '22113006', 'Xã An Lạc'),
(133, 31, '22113007', 'Xã Vân Sơn'),
(134, 32, '22107008', 'Xã Biển Động'),
(135, 32, '22107009', 'Xã Lục Ngạn'),
(136, 32, '22107010', 'Xã Đèo Gia'),
(137, 32, '22107011', 'Xã Sơn Hải'),
(138, 32, '22107012', 'Xã Tân Sơn'),
(139, 32, '22107013', 'Xã Biên Sơn'),
(140, 32, '22107014', 'Xã Sa Lý'),
(141, 32, '22107015', 'Xã Nam Dương'),
(142, 33, '22121016', 'Xã Kiên Lao'),
(143, 33, '22121017', 'Phường Chũ'),
(144, 33, '22121018', 'Phường Phượng Sơn'),
(145, 34, '22115019', 'Xã Lục Sơn'),
(146, 34, '22115020', 'Xã Trường Sơn'),
(147, 34, '22115021', 'Xã Cẩm Lý'),
(148, 34, '22115022', 'Xã Đông Phú'),
(149, 34, '22115023', 'Xã Nghĩa Phương'),
(150, 34, '22115024', 'Xã Lục Nam'),
(151, 34, '22115025', 'Xã Bắc Lũng'),
(152, 34, '22115026', 'Xã Bảo Đài'),
(153, 35, '22111027', 'Xã Lạng Giang'),
(154, 35, '22111028', 'Xã Mỹ Thái'),
(155, 35, '22111029', 'Xã Kép'),
(156, 35, '22111030', 'Xã Tân Dĩnh'),
(157, 35, '22111031', 'Xã Tiên Lục'),
(158, 36, '22103032', 'Xã Yên Thế'),
(159, 36, '22103033', 'Xã Bố Hạ'),
(160, 36, '22103034', 'Xã Đồng Kỳ'),
(161, 36, '22103035', 'Xã Xuân Lương'),
(162, 36, '22103036', 'Xã Tam Tiến'),
(163, 37, '22105037', 'Xã Tân Yên'),
(164, 37, '22105038', 'Xã Ngọc Thiện'),
(165, 37, '22105039', 'Xã Nhã Nam'),
(166, 37, '22105040', 'Xã Phúc Hoà'),
(167, 37, '22105041', 'Xã Quang Trung'),
(168, 38, '22109042', 'Xã Hợp Thịnh'),
(169, 38, '22109043', 'Xã Hiệp Hoà'),
(170, 38, '22109044', 'Xã Hoàng Vân'),
(171, 38, '22109045', 'Xã Xuân Cẩm'),
(172, 39, '22117046', 'Phường Tự Lạn'),
(173, 39, '22117047', 'Phường Việt Yên'),
(174, 39, '22117048', 'Phường Nếnh'),
(175, 39, '22117049', 'Phường Vân Hà'),
(176, 40, '22101050', 'Xã Đồng Việt'),
(177, 40, '22101051', 'Phường Bắc Giang'),
(178, 40, '22101052', 'Phường Đa Mai'),
(179, 40, '22101053', 'Phường Tiền Phong'),
(180, 40, '22101054', 'Phường Tân An'),
(181, 40, '22101055', 'Phường Yên Dũng'),
(182, 40, '22101056', 'Phường Tân Tiến'),
(183, 40, '22101057', 'Phường Cảnh Thụy'),
(184, 41, '22301058', 'Phường Kinh Bắc'),
(185, 41, '22301059', 'Phường Võ Cường'),
(186, 41, '22301060', 'Phường Vũ Ninh'),
(187, 41, '22301061', 'Phường Hạp Lĩnh'),
(188, 41, '22301062', 'Phường Nam Sơn'),
(189, 42, '22313063', 'Phường Từ Sơn'),
(190, 42, '22313064', 'Phường Tam Sơn'),
(191, 42, '22313065', 'Phường Đồng Nguyên'),
(192, 42, '22313066', 'Phường Phù Khê'),
(193, 43, '22309067', 'Phường Thuận Thành'),
(194, 43, '22309068', 'Phường Mão Điền'),
(195, 43, '22309069', 'Phường Trạm Lộ'),
(196, 43, '22309070', 'Phường Trí Quả'),
(197, 43, '22309071', 'Phường Song Liễu'),
(198, 43, '22309072', 'Phường Ninh Xá'),
(199, 44, '22305073', 'Phường Quế Võ'),
(200, 44, '22305074', 'Phường Phương Liễu'),
(201, 44, '22305075', 'Phường Nhân Hoà'),
(202, 44, '22305076', 'Phường Đào Viên'),
(203, 44, '22305077', 'Phường Bồng Lai'),
(204, 44, '22305078', 'Xã Chi Lăng'),
(205, 44, '22305079', 'Xã Phù Lãng'),
(206, 45, '22303080', 'Xã Yên Phong'),
(207, 45, '22303081', 'Xã Văn Môn'),
(208, 45, '22303082', 'Xã Tam Giang'),
(209, 45, '22303083', 'Xã Yên Trung'),
(210, 45, '22303084', 'Xã Tam Đa'),
(211, 46, '22307085', 'Xã Tiên Du'),
(212, 46, '22307086', 'Xã Liên Bão'),
(213, 46, '22307087', 'Xã Tân Chi'),
(214, 46, '22307088', 'Xã Đại Đồng'),
(215, 46, '22307089', 'Xã Phật Tích'),
(216, 47, '22315090', 'Xã Gia Bình'),
(217, 47, '22315091', 'Xã Nhân Thắng'),
(218, 47, '22315092', 'Xã Đại Lai'),
(219, 47, '22315093', 'Xã Cao Đức'),
(220, 47, '22315094', 'Xã Đông Cứu'),
(221, 48, '22311095', 'Xã Lương Tài'),
(222, 48, '22311096', 'Xã Lâm Thao'),
(223, 48, '22311097', 'Xã Trung Chính'),
(224, 48, '22311098', 'Xã Trung Kênh'),
(225, 31, '22113099', 'Xã Tuấn Đạo'),
(226, 49, '22521001', 'Phường An Sinh'),
(227, 49, '22521002', 'Phường Đông Triều'),
(228, 49, '22521003', 'Phường Bình Khê'),
(229, 49, '22521004', 'Phường Mạo Khê'),
(230, 49, '22521005', 'Phường Hoàng Quế'),
(231, 50, '22505006', 'Phường Yên Tử'),
(232, 50, '22505007', 'Phường Vàng Danh'),
(233, 50, '22505008', 'Phường Uông Bí'),
(234, 51, '22525009', 'Phường Đông Mai'),
(235, 51, '22525010', 'Phường Hiệp Hoà'),
(236, 51, '22525011', 'Phường Quảng Yên'),
(237, 51, '22525012', 'Phường Hà An'),
(238, 51, '22525013', 'Phường Phong Cốc'),
(239, 51, '22525014', 'Phường Liên Hoà'),
(240, 52, '22501015', 'Phường Tuần Châu'),
(241, 52, '22501016', 'Phường Việt Hưng'),
(242, 52, '22501017', 'Phường Bãi Cháy'),
(243, 52, '22501018', 'Phường Hà Tu'),
(244, 52, '22501019', 'Phường Hà Lầm'),
(245, 52, '22501020', 'Phường Cao Xanh'),
(246, 52, '22501021', 'Phường Hồng Gai'),
(247, 52, '22501022', 'Phường Hạ Long'),
(248, 52, '22501023', 'Phường Hoành Bồ'),
(249, 52, '22501024', 'Xã Quảng La'),
(250, 52, '22501025', 'Xã Thống Nhất'),
(251, 53, '22503026', 'Phường Mông Dương'),
(252, 53, '22503027', 'Phường Quang Hanh'),
(253, 53, '22503028', 'Phường Cẩm Phả'),
(254, 53, '22503029', 'Phường Cửa Ông'),
(255, 53, '22503030', 'Xã Hải Hoà'),
(256, 54, '22513031', 'Xã Tiên Yên'),
(257, 54, '22513032', 'Xã Điền Xá'),
(258, 54, '22513033', 'Xã Đông Ngũ'),
(259, 54, '22513034', 'Xã Hải Lạng'),
(260, 52, '22501035', 'Xã Lương Minh'),
(261, 55, '22515036', 'Xã Kỳ Thượng'),
(262, 55, '22515037', 'Xã Ba Chẽ'),
(263, 56, '22527038', 'Xã Quảng Tân'),
(264, 56, '22527039', 'Xã Đầm Hà'),
(265, 57, '22511040', 'Xã Quảng Hà'),
(266, 57, '22511041', 'Xã Đường Hoa'),
(267, 57, '22511042', 'Xã Quảng Đức'),
(268, 58, '22507043', 'Xã Hoành Mô'),
(269, 58, '22507044', 'Xã Lục Hồn'),
(270, 58, '22507045', 'Xã Bình Liêu'),
(271, 59, '22509046', 'Xã Hải Sơn'),
(272, 59, '22509047', 'Xã Hải Ninh'),
(273, 59, '22509048', 'Xã Vĩnh Thực'),
(274, 59, '22509049', 'Phường Móng Cái 1'),
(275, 59, '22509050', 'Phường Móng Cái 2'),
(276, 59, '22509051', 'Phường Móng Cái 3'),
(277, 60, '22517052', 'Đặc khu Vân Đồn'),
(278, 61, '22523053', 'Đặc khu Cô Tô'),
(279, 57, '22511054', 'Xã Cái Chiên'),
(280, 62, '10311001', 'Phường Thuỷ Nguyên'),
(281, 62, '10311002', 'Phường Thiên Hương'),
(282, 62, '10311003', 'Phường Hoà Bình'),
(283, 62, '10311004', 'Phường Nam Triệu'),
(284, 62, '10311005', 'Phường Bạch Đằng'),
(285, 62, '10311006', 'Phường Lưu Kiếm'),
(286, 62, '10311007', 'Phường Lê Ích Mộc'),
(287, 63, '10301008', 'Phường Hồng Bàng'),
(288, 63, '10301009', 'Phường Hồng An'),
(289, 64, '10303010', 'Phường Ngô Quyền'),
(290, 64, '10303011', 'Phường Gia Viên'),
(291, 65, '10305012', 'Phường Lê Chân'),
(292, 65, '10305013', 'Phường An Biên'),
(293, 66, '10304014', 'Phường Hải An'),
(294, 66, '10304015', 'Phường Đông Hải'),
(295, 67, '10307016', 'Phường Kiến An'),
(296, 67, '10307017', 'Phường Phù Liễn'),
(297, 68, '10309018', 'Phường Nam Đồ Sơn'),
(298, 68, '10309019', 'Phường Đồ Sơn'),
(299, 69, '10327020', 'Phường Hưng Đạo'),
(300, 69, '10327021', 'Phường Dương Kinh'),
(301, 70, '10313022', 'Phường An Dương'),
(302, 70, '10313023', 'Phường An Hải'),
(303, 70, '10313024', 'Phường An Phong'),
(304, 71, '10315025', 'Xã An Hưng'),
(305, 71, '10315026', 'Xã An Khánh'),
(306, 71, '10315027', 'Xã An Quang'),
(307, 71, '10315028', 'Xã An Trường'),
(308, 71, '10315029', 'Xã An Lão'),
(309, 72, '10317030', 'Xã Kiến Thụy'),
(310, 72, '10317031', 'Xã Kiến Minh'),
(311, 72, '10317032', 'Xã Kiến Hải'),
(312, 72, '10317033', 'Xã Kiến Hưng'),
(313, 72, '10317034', 'Xã Nghi Dương'),
(314, 73, '10319035', 'Xã Quyết Thắng'),
(315, 73, '10319036', 'Xã Tiên Lãng'),
(316, 73, '10319037', 'Xã Tân Minh'),
(317, 73, '10319038', 'Xã Tiên Minh'),
(318, 73, '10319039', 'Xã Chấn Hưng'),
(319, 73, '10319040', 'Xã Hùng Thắng'),
(320, 74, '10321041', 'Xã Vĩnh Bảo'),
(321, 74, '10321042', 'Xã Nguyễn Bỉnh Khiêm'),
(322, 74, '10321043', 'Xã Vĩnh Am'),
(323, 74, '10321044', 'Xã Vĩnh Hải'),
(324, 74, '10321045', 'Xã Vĩnh Hoà'),
(325, 74, '10321046', 'Xã Vĩnh Thịnh'),
(326, 74, '10321047', 'Xã Vĩnh Thuận'),
(327, 62, '10311048', 'Xã Việt Khê'),
(328, 75, '10323049', 'Đặc khu Cát Hải'),
(329, 76, '10325050', 'Đặc khu Bạch Long Vĩ'),
(330, 77, '10701051', 'Phường Hải Dương'),
(331, 77, '10701052', 'Phường Lê Thanh Nghị'),
(332, 77, '10701053', 'Phường Việt Hoà'),
(333, 77, '10701054', 'Phường Thành Đông'),
(334, 77, '10701055', 'Phường Nam Đồng'),
(335, 77, '10701056', 'Phường Tân Hưng'),
(336, 77, '10701057', 'Phường Thạch Khôi'),
(337, 78, '10717058', 'Phường Tứ Minh'),
(338, 77, '10701059', 'Phường Ái Quốc'),
(339, 79, '10703060', 'Phường Chu Văn An'),
(340, 79, '10703061', 'Phường Chí Linh'),
(341, 79, '10703062', 'Phường Trần Hưng Đạo'),
(342, 79, '10703063', 'Phường Nguyễn Trãi'),
(343, 79, '10703064', 'Phường Trần Nhân Tông'),
(344, 79, '10703065', 'Phường Lê Đại Hành'),
(345, 80, '10709066', 'Phường Kinh Môn'),
(346, 80, '10709067', 'Phường Nguyễn Đại Năng'),
(347, 80, '10709068', 'Phường Trần Liễu'),
(348, 80, '10709069', 'Phường Bắc An Phụ'),
(349, 80, '10709070', 'Phường Phạm Sư Mạnh'),
(350, 80, '10709071', 'Phường Nhị Chiểu'),
(351, 80, '10709072', 'Xã Nam An Phụ'),
(352, 81, '10705073', 'Xã Nam Sách'),
(353, 81, '10705074', 'Xã Thái Tân'),
(354, 81, '10705075', 'Xã Hợp Tiến'),
(355, 81, '10705076', 'Xã Trần Phú'),
(356, 81, '10705077', 'Xã An Phú'),
(357, 82, '10707078', 'Xã Thanh Hà'),
(358, 82, '10707079', 'Xã Hà Tây'),
(359, 82, '10707080', 'Xã Hà Bắc'),
(360, 82, '10707081', 'Xã Hà Nam'),
(361, 82, '10707082', 'Xã Hà Đông'),
(362, 78, '10717083', 'Xã Cẩm Giang'),
(363, 78, '10717084', 'Xã Tuệ Tĩnh'),
(364, 78, '10717085', 'Xã Mao Điền'),
(365, 78, '10717086', 'Xã Cẩm Giàng'),
(366, 83, '10719087', 'Xã Kẻ Sặt'),
(367, 83, '10719088', 'Xã Bình Giang'),
(368, 83, '10719089', 'Xã Đường An'),
(369, 83, '10719090', 'Xã Thượng Hồng'),
(370, 84, '10713091', 'Xã Gia Lộc'),
(371, 84, '10713092', 'Xã Yết Kiêu'),
(372, 84, '10713093', 'Xã Gia Phúc'),
(373, 84, '10713094', 'Xã Trường Tân'),
(374, 85, '10715095', 'Xã Tứ Kỳ'),
(375, 85, '10715096', 'Xã Tân Kỳ'),
(376, 85, '10715097', 'Xã Đại Sơn'),
(377, 85, '10715098', 'Xã Chí Minh'),
(378, 85, '10715099', 'Xã Lạc Phượng'),
(379, 85, '10715100', 'Xã Nguyên Giáp'),
(380, 86, '10723101', 'Xã Ninh Giang'),
(381, 86, '10723102', 'Xã Vĩnh Lại'),
(382, 86, '10723103', 'Xã Khúc Thừa Dụ'),
(383, 86, '10723104', 'Xã Tân An'),
(384, 86, '10723105', 'Xã Hồng Châu'),
(385, 87, '10721106', 'Xã Thanh Miện'),
(386, 87, '10721107', 'Xã Bắc Thanh Miện'),
(387, 87, '10721108', 'Xã Hải Hưng'),
(388, 87, '10721109', 'Xã Nguyễn Lương Bằng'),
(389, 87, '10721110', 'Xã Nam Thanh Miện'),
(390, 88, '10711111', 'Xã Phú Thái'),
(391, 88, '10711112', 'Xã Lai Khê'),
(392, 88, '10711113', 'Xã An Thành'),
(393, 88, '10711114', 'Xã Kim Thành'),
(394, 89, '10901001', 'Phường Phố Hiến'),
(395, 89, '10901002', 'Phường Sơn Nam'),
(396, 89, '10901003', 'Phường Hồng Châu'),
(397, 90, '10903004', 'Phường Mỹ Hào'),
(398, 90, '10903005', 'Phường Đường Hào'),
(399, 90, '10903006', 'Phường Thượng Hồng'),
(400, 89, '10901007', 'Xã Tân Hưng'),
(401, 91, '10913008', 'Xã Hoàng Hoa Thám'),
(402, 91, '10913009', 'Xã Tiên Lữ'),
(403, 91, '10913010', 'Xã Tiên Hoa'),
(404, 92, '10911011', 'Xã Quang Hưng'),
(405, 92, '10911012', 'Xã Đoàn Đào'),
(406, 92, '10911013', 'Xã Tiên Tiến'),
(407, 92, '10911014', 'Xã Tống Trân'),
(408, 93, '10909015', 'Xã Lương Bằng'),
(409, 93, '10909016', 'Xã Nghĩa Dân'),
(410, 93, '10909017', 'Xã Hiệp Cường'),
(411, 93, '10909018', 'Xã Đức Hợp'),
(412, 94, '10907019', 'Xã Ân Thi'),
(413, 94, '10907020', 'Xã Xuân Trúc'),
(414, 94, '10907021', 'Xã Phạm Ngũ Lão'),
(415, 94, '10907022', 'Xã Nguyễn Trãi'),
(416, 94, '10907023', 'Xã Hồng Quang'),
(417, 95, '10905024', 'Xã Khoái Châu'),
(418, 95, '10905025', 'Xã Triệu Việt Vương'),
(419, 95, '10905026', 'Xã Việt Tiến'),
(420, 95, '10905027', 'Xã Chí Minh'),
(421, 95, '10905028', 'Xã Châu Ninh'),
(422, 96, '10919029', 'Xã Yên Mỹ'),
(423, 96, '10919030', 'Xã Việt Yên'),
(424, 96, '10919031', 'Xã Hoàn Long'),
(425, 96, '10919032', 'Xã Nguyễn Văn Linh'),
(426, 97, '10917033', 'Xã Như Quỳnh'),
(427, 97, '10917034', 'Xã Lạc Đạo'),
(428, 97, '10917035', 'Xã Đại Đồng'),
(429, 98, '10915036', 'Xã Nghĩa Trụ'),
(430, 98, '10915037', 'Xã Phụng Công'),
(431, 98, '10915038', 'Xã Văn Giang'),
(432, 98, '10915039', 'Xã Mễ Sở'),
(433, 99, '11501040', 'Phường Thái Bình'),
(434, 99, '11501041', 'Phường Trần Lãm'),
(435, 99, '11501042', 'Phường Trần Hưng Đạo'),
(436, 99, '11501043', 'Phường Trà Lý'),
(437, 99, '11501044', 'Phường Vũ Phúc'),
(438, 100, '11507045', 'Xã Thái Thụy'),
(439, 100, '11507046', 'Xã Đông Thụy Anh'),
(440, 100, '11507047', 'Xã Bắc Thụy Anh'),
(441, 100, '11507048', 'Xã Thụy Anh'),
(442, 100, '11507049', 'Xã Nam Thụy Anh'),
(443, 100, '11507050', 'Xã Bắc Thái Ninh'),
(444, 100, '11507051', 'Xã Thái Ninh'),
(445, 100, '11507052', 'Xã Đông Thái Ninh'),
(446, 100, '11507053', 'Xã Nam Thái Ninh'),
(447, 100, '11507054', 'Xã Tây Thái Ninh'),
(448, 100, '11507055', 'Xã Tây Thụy Anh'),
(449, 101, '11515056', 'Xã Tiền Hải'),
(450, 101, '11515057', 'Xã Tây Tiền Hải'),
(451, 101, '11515058', 'Xã Ái Quốc'),
(452, 101, '11515059', 'Xã Đồng Châu'),
(453, 101, '11515060', 'Xã Đông Tiền Hải'),
(454, 101, '11515061', 'Xã Nam Cường'),
(455, 101, '11515062', 'Xã Hưng Phú'),
(456, 101, '11515063', 'Xã Nam Tiền Hải'),
(457, 102, '11503064', 'Xã Quỳnh Phụ'),
(458, 102, '11503065', 'Xã Minh Thọ'),
(459, 102, '11503066', 'Xã Nguyễn Du'),
(460, 102, '11503067', 'Xã Quỳnh An'),
(461, 102, '11503068', 'Xã Ngọc Lâm'),
(462, 102, '11503069', 'Xã Đồng Bằng'),
(463, 102, '11503070', 'Xã A Sào'),
(464, 102, '11503071', 'Xã Phụ Dực'),
(465, 102, '11503072', 'Xã Tân Tiến'),
(466, 103, '11505073', 'Xã Hưng Hà'),
(467, 103, '11505074', 'Xã Tiên La'),
(468, 103, '11505075', 'Xã Lê Quý Đôn'),
(469, 103, '11505076', 'Xã Hồng Minh'),
(470, 103, '11505077', 'Xã Thần Khê'),
(471, 103, '11505078', 'Xã Diên Hà'),
(472, 103, '11505079', 'Xã Ngự Thiên'),
(473, 103, '11505080', 'Xã Long Hưng'),
(474, 104, '11509081', 'Xã Đông Hưng'),
(475, 104, '11509082', 'Xã Bắc Tiên Hưng'),
(476, 104, '11509083', 'Xã Đông Tiên Hưng'),
(477, 104, '11509084', 'Xã Nam Đông Hưng'),
(478, 104, '11509085', 'Xã Bắc Đông Quan'),
(479, 104, '11509086', 'Xã Bắc Đông Hưng'),
(480, 104, '11509087', 'Xã Đông Quan'),
(481, 104, '11509088', 'Xã Nam Tiên Hưng'),
(482, 104, '11509089', 'Xã Tiên Hưng'),
(483, 105, '11513090', 'Xã Lê Lợi'),
(484, 105, '11513091', 'Xã Kiến Xương'),
(485, 105, '11513092', 'Xã Quang Lịch'),
(486, 105, '11513093', 'Xã Vũ Quý'),
(487, 105, '11513094', 'Xã Bình Thanh'),
(488, 105, '11513095', 'Xã Bình Định'),
(489, 105, '11513096', 'Xã Hồng Vũ'),
(490, 105, '11513097', 'Xã Bình Nguyên'),
(491, 105, '11513098', 'Xã Trà Giang'),
(492, 106, '11511099', 'Xã Vũ Thư'),
(493, 106, '11511100', 'Xã Thư Trì'),
(494, 106, '11511101', 'Xã Tân Thuận'),
(495, 106, '11511102', 'Xã Thư Vũ'),
(496, 106, '11511103', 'Xã Vũ Tiên'),
(497, 106, '11511104', 'Xã Vạn Xuân'),
(498, 107, '11707001', 'Xã Gia Viễn'),
(499, 107, '11707002', 'Xã Đại Hoàng'),
(500, 107, '11707003', 'Xã Gia Hưng'),
(501, 107, '11707004', 'Xã Gia Phong'),
(502, 107, '11707005', 'Xã Gia Vân'),
(503, 107, '11707006', 'Xã Gia Trấn'),
(504, 108, '11705007', 'Xã Nho Quan'),
(505, 108, '11705008', 'Xã Gia Lâm'),
(506, 108, '11705009', 'Xã Gia Tường'),
(507, 108, '11705010', 'Xã Phú Sơn'),
(508, 108, '11705011', 'Xã Cúc Phương'),
(509, 108, '11705012', 'Xã Phú Long'),
(510, 108, '11705013', 'Xã Thanh Sơn'),
(511, 108, '11705014', 'Xã Quỳnh Lưu'),
(512, 109, '11713015', 'Xã Yên Khánh'),
(513, 109, '11713016', 'Xã Khánh Nhạc'),
(514, 109, '11713017', 'Xã Khánh Thiện'),
(515, 109, '11713018', 'Xã Khánh Hội'),
(516, 109, '11713019', 'Xã Khánh Trung'),
(517, 110, '11711020', 'Xã Yên Mô'),
(518, 110, '11711021', 'Xã Yên Từ'),
(519, 110, '11711022', 'Xã Yên Mạc'),
(520, 110, '11711023', 'Xã Đồng Thái'),
(521, 111, '11715024', 'Xã Chất Bình'),
(522, 111, '11715025', 'Xã Kim Sơn'),
(523, 111, '11715026', 'Xã Quang Thiện'),
(524, 111, '11715027', 'Xã Phát Diệm'),
(525, 111, '11715028', 'Xã Lai Thành'),
(526, 111, '11715029', 'Xã Định Hóa'),
(527, 111, '11715030', 'Xã Bình Minh'),
(528, 111, '11715031', 'Xã Kim Đông'),
(529, 112, '11111032', 'Xã Bình Lục'),
(530, 112, '11111033', 'Xã Bình Mỹ'),
(531, 112, '11111034', 'Xã Bình An'),
(532, 112, '11111035', 'Xã Bình Giang'),
(533, 112, '11111036', 'Xã Bình Sơn'),
(534, 113, '11109037', 'Xã Liêm Hà'),
(535, 113, '11109038', 'Xã Tân Thanh'),
(536, 113, '11109039', 'Xã Thanh Bình'),
(537, 113, '11109040', 'Xã Thanh Lâm'),
(538, 113, '11109041', 'Xã Thanh Liêm'),
(539, 114, '11107042', 'Xã Lý Nhân'),
(540, 114, '11107043', 'Xã Nam Xang'),
(541, 114, '11107044', 'Xã Bắc Lý'),
(542, 114, '11107045', 'Xã Vĩnh Trụ'),
(543, 114, '11107046', 'Xã Trần Thương'),
(544, 114, '11107047', 'Xã Nhân Hà'),
(545, 114, '11107048', 'Xã Nam Lý'),
(546, 115, '11309049', 'Xã Nam Trực'),
(547, 115, '11309050', 'Xã Nam Minh'),
(548, 115, '11309051', 'Xã Nam Đồng'),
(549, 115, '11309052', 'Xã Nam Ninh'),
(550, 115, '11309053', 'Xã Nam Hồng'),
(551, 116, '11303054', 'Xã Minh Tân'),
(552, 116, '11303055', 'Xã Hiển Khánh'),
(553, 116, '11303056', 'Xã Vụ Bản'),
(554, 116, '11303057', 'Xã Liên Minh'),
(555, 117, '11307058', 'Xã Ý Yên'),
(556, 117, '11307059', 'Xã Yên Đồng'),
(557, 117, '11307060', 'Xã Yên Cường'),
(558, 117, '11307061', 'Xã Vạn Thắng'),
(559, 117, '11307062', 'Xã Vũ Dương'),
(560, 117, '11307063', 'Xã Tân Minh'),
(561, 117, '11307064', 'Xã Phong Doanh'),
(562, 118, '11311065', 'Xã Cổ Lễ'),
(563, 118, '11311066', 'Xã Ninh Giang'),
(564, 118, '11311067', 'Xã Cát Thành'),
(565, 118, '11311068', 'Xã Trực Ninh'),
(566, 118, '11311069', 'Xã Quang Hưng'),
(567, 118, '11311070', 'Xã Minh Thái'),
(568, 118, '11311071', 'Xã Ninh Cường'),
(569, 119, '11313072', 'Xã Xuân Trường'),
(570, 119, '11313073', 'Xã Xuân Hưng'),
(571, 119, '11313074', 'Xã Xuân Giang'),
(572, 119, '11313075', 'Xã Xuân Hồng'),
(573, 120, '11319076', 'Xã Hải Hậu'),
(574, 120, '11319077', 'Xã Hải Anh'),
(575, 120, '11319078', 'Xã Hải Tiến'),
(576, 120, '11319079', 'Xã Hải Hưng'),
(577, 120, '11319080', 'Xã Hải An'),
(578, 120, '11319081', 'Xã Hải Quang'),
(579, 120, '11319082', 'Xã Hải Xuân'),
(580, 120, '11319083', 'Xã Hải Thịnh'),
(581, 121, '11315084', 'Xã Giao Minh'),
(582, 121, '11315085', 'Xã Giao Hoà'),
(583, 121, '11315086', 'Xã Giao Thuỷ'),
(584, 121, '11315087', 'Xã Giao Phúc'),
(585, 121, '11315088', 'Xã Giao Hưng'),
(586, 121, '11315089', 'Xã Giao Bình'),
(587, 121, '11315090', 'Xã Giao Ninh'),
(588, 122, '11317091', 'Xã Đồng Thịnh'),
(589, 122, '11317092', 'Xã Nghĩa Hưng'),
(590, 122, '11317093', 'Xã Nghĩa Sơn'),
(591, 122, '11317094', 'Xã Hồng Phong'),
(592, 122, '11317095', 'Xã Quỹ Nhất'),
(593, 122, '11317096', 'Xã Nghĩa Lâm'),
(594, 122, '11317097', 'Xã Rạng Đông'),
(595, 123, '11709098', 'Phường Tây Hoa Lư'),
(596, 123, '11709099', 'Phường Hoa Lư'),
(597, 123, '11709100', 'Phường Nam Hoa Lư'),
(598, 109, '11713101', 'Phường Đông Hoa Lư'),
(599, 124, '11703102', 'Phường Tam Điệp'),
(600, 124, '11703103', 'Phường Yên Sơn'),
(601, 124, '11703104', 'Phường Trung Sơn'),
(602, 124, '11703105', 'Phường Yên Thắng'),
(603, 125, '11101106', 'Phường Hà Nam'),
(604, 125, '11101107', 'Phường Phủ Lý'),
(605, 125, '11101108', 'Phường Phù Vân'),
(606, 125, '11101109', 'Phường Châu Sơn'),
(607, 125, '11101110', 'Phường Liêm Tuyền'),
(608, 126, '11103111', 'Phường Duy Tiên'),
(609, 126, '11103112', 'Phường Duy Tân'),
(610, 126, '11103113', 'Phường Đồng Văn'),
(611, 126, '11103114', 'Phường Duy Hà'),
(612, 126, '11103115', 'Phường Tiên Sơn'),
(613, 127, '11105116', 'Phường Lê Hồ'),
(614, 127, '11105117', 'Phường Nguyễn Úy'),
(615, 127, '11105118', 'Phường Lý Thường Kiệt'),
(616, 127, '11105119', 'Phường Kim Thanh'),
(617, 127, '11105120', 'Phường Tam Chúc'),
(618, 127, '11105121', 'Phường Kim Bảng'),
(619, 128, '11301122', 'Phường Nam Định'),
(620, 128, '11301123', 'Phường Thiên Trường'),
(621, 128, '11301124', 'Phường Đông A'),
(622, 128, '11301125', 'Phường Vị Khê'),
(623, 128, '11301126', 'Phường Thành Nam'),
(624, 128, '11301127', 'Phường Trường Thi'),
(625, 115, '11309128', 'Phường Hồng Quang'),
(626, 128, '11301129', 'Phường Mỹ Lộc'),
(627, 129, '20301001', 'Phường Thục Phán'),
(628, 129, '20301002', 'Phường Nùng Trí Cao'),
(629, 129, '20301003', 'Phường Tân Giang'),
(630, 130, '20323004', 'Xã Quảng Lâm'),
(631, 130, '20323005', 'Xã Nam Quang'),
(632, 130, '20323006', 'Xã Lý Bôn'),
(633, 130, '20323007', 'Xã Bảo Lâm'),
(634, 130, '20323008', 'Xã Yên Thổ'),
(635, 131, '20303009', 'Xã Sơn Lộ'),
(636, 131, '20303010', 'Xã Hưng Đạo'),
(637, 131, '20303011', 'Xã Bảo Lạc'),
(638, 131, '20303012', 'Xã Cốc Pàng'),
(639, 131, '20303013', 'Xã Cô Ba'),
(640, 131, '20303014', 'Xã Khánh Xuân'),
(641, 131, '20303015', 'Xã Xuân Trường'),
(642, 131, '20303016', 'Xã Huy Giáp'),
(643, 132, '20313017', 'Xã Ca Thành'),
(644, 132, '20313018', 'Xã Phan Thanh'),
(645, 132, '20313019', 'Xã Thành Công'),
(646, 132, '20313020', 'Xã Tĩnh Túc'),
(647, 132, '20313021', 'Xã Tam Kim'),
(648, 132, '20313022', 'Xã Nguyên Bình'),
(649, 132, '20313023', 'Xã Minh Tâm'),
(650, 133, '20305024', 'Xã Thanh Long'),
(651, 133, '20305025', 'Xã Cần Yên'),
(652, 133, '20305026', 'Xã Thông Nông'),
(653, 133, '20305027', 'Xã Trường Hà'),
(654, 133, '20305028', 'Xã Hà Quảng'),
(655, 133, '20305029', 'Xã Lũng Nặm'),
(656, 133, '20305030', 'Xã Tổng Cọt'),
(657, 134, '20315031', 'Xã Nam Tuấn'),
(658, 134, '20315032', 'Xã Hoà An'),
(659, 134, '20315033', 'Xã Bạch Đằng'),
(660, 134, '20315034', 'Xã Nguyễn Huệ'),
(661, 135, '20321035', 'Xã Minh Khai'),
(662, 135, '20321036', 'Xã Canh Tân'),
(663, 135, '20321037', 'Xã Kim Đồng'),
(664, 135, '20321038', 'Xã Thạch An'),
(665, 135, '20321039', 'Xã Đông Khê'),
(666, 135, '20321040', 'Xã Đức Long'),
(667, 136, '20317041', 'Xã Phục Hoà'),
(668, 136, '20317042', 'Xã Bế Văn Đàn'),
(669, 136, '20317043', 'Xã Độc Lập'),
(670, 136, '20317044', 'Xã Quảng Uyên'),
(671, 136, '20317045', 'Xã Hạnh Phúc'),
(672, 137, '20311046', 'Xã Quang Hán'),
(673, 137, '20311047', 'Xã Trà Lĩnh'),
(674, 137, '20311048', 'Xã Quang Trung'),
(675, 137, '20311049', 'Xã Đoài Dương'),
(676, 137, '20311050', 'Xã Trùng Khánh'),
(677, 137, '20311051', 'Xã Đàm Thuỷ'),
(678, 137, '20311052', 'Xã Đình Phong'),
(679, 138, '20319053', 'Xã Lý Quốc'),
(680, 138, '20319054', 'Xã Hạ Lang'),
(681, 138, '20319055', 'Xã Vinh Quý'),
(682, 138, '20319056', 'Xã Quang Long'),
(683, 139, '21113001', 'Xã Thượng Lâm'),
(684, 139, '21113002', 'Xã Lâm Bình'),
(685, 139, '21113003', 'Xã Minh Quang'),
(686, 139, '21113004', 'Xã Bình An'),
(687, 140, '21103005', 'Xã Côn Lôn'),
(688, 140, '21103006', 'Xã Yên Hoa'),
(689, 140, '21103007', 'Xã Thượng Nông'),
(690, 140, '21103008', 'Xã Hồng Thái'),
(691, 140, '21103009', 'Xã Nà Hang'),
(692, 141, '21105010', 'Xã Tân Mỹ'),
(693, 141, '21105011', 'Xã Yên Lập'),
(694, 141, '21105012', 'Xã Tân An'),
(695, 141, '21105013', 'Xã Chiêm Hoá'),
(696, 141, '21105014', 'Xã Hoà An'),
(697, 141, '21105015', 'Xã Kiên Đài'),
(698, 141, '21105016', 'Xã Tri Phú'),
(699, 141, '21105017', 'Xã Kim Bình'),
(700, 141, '21105018', 'Xã Yên Nguyên'),
(701, 141, '21105019', 'Xã Trung Hà'),
(702, 142, '21107020', 'Xã Yên Phú'),
(703, 142, '21107021', 'Xã Bạch Xa'),
(704, 142, '21107022', 'Xã Phù Lưu'),
(705, 142, '21107023', 'Xã Hàm Yên'),
(706, 142, '21107024', 'Xã Bình Xa'),
(707, 142, '21107025', 'Xã Thái Sơn'),
(708, 142, '21107026', 'Xã Thái Hoà'),
(709, 142, '21107027', 'Xã Hùng Đức'),
(710, 143, '21109028', 'Xã Hùng Lợi'),
(711, 143, '21109029', 'Xã Trung Sơn'),
(712, 143, '21109030', 'Xã Thái Bình'),
(713, 143, '21109031', 'Xã Tân Long'),
(714, 143, '21109032', 'Xã Xuân Vân'),
(715, 143, '21109033', 'Xã Lực Hành'),
(716, 143, '21109034', 'Xã Yên Sơn'),
(717, 143, '21109035', 'Xã Nhữ Khê'),
(718, 143, '21109036', 'Xã Kiến Thiết'),
(719, 144, '21111037', 'Xã Tân Trào'),
(720, 144, '21111038', 'Xã Minh Thanh'),
(721, 144, '21111039', 'Xã Sơn Dương'),
(722, 144, '21111040', 'Xã Bình Ca'),
(723, 144, '21111041', 'Xã Tân Thanh'),
(724, 144, '21111042', 'Xã Sơn Thuỷ'),
(725, 144, '21111043', 'Xã Phú Lương'),
(726, 144, '21111044', 'Xã Trường Sinh'),
(727, 144, '21111045', 'Xã Hồng Sơn'),
(728, 144, '21111046', 'Xã Đông Thọ'),
(729, 145, '21101047', 'Phường Mỹ Lâm'),
(730, 145, '21101048', 'Phường Minh Xuân'),
(731, 145, '21101049', 'Phường Nông Tiến'),
(732, 145, '21101050', 'Phường An Tường'),
(733, 145, '21101051', 'Phường Bình Thuận'),
(734, 146, '20103052', 'Xã Lũng Cú'),
(735, 146, '20103053', 'Xã Đồng Văn'),
(736, 146, '20103054', 'Xã Sà Phìn'),
(737, 146, '20103055', 'Xã Phố Bảng'),
(738, 146, '20103056', 'Xã Lũng Phìn'),
(739, 147, '20105057', 'Xã Sủng Máng'),
(740, 147, '20105058', 'Xã Sơn Vĩ'),
(741, 147, '20105059', 'Xã Mèo Vạc'),
(742, 147, '20105060', 'Xã Khâu Vai'),
(743, 147, '20105061', 'Xã Niêm Sơn'),
(744, 147, '20105062', 'Xã Tát Ngà'),
(745, 148, '20107063', 'Xã Thắng Mố'),
(746, 148, '20107064', 'Xã Bạch Đích'),
(747, 148, '20107065', 'Xã Yên Minh'),
(748, 148, '20107066', 'Xã Mậu Duệ'),
(749, 148, '20107067', 'Xã Ngọc Long'),
(750, 148, '20107068', 'Xã Du Già'),
(751, 148, '20107069', 'Xã Đường Thượng'),
(752, 149, '20109070', 'Xã Lùng Tám'),
(753, 149, '20109071', 'Xã Cán Tỷ'),
(754, 149, '20109072', 'Xã Nghĩa Thuận'),
(755, 149, '20109073', 'Xã Quản Bạ'),
(756, 149, '20109074', 'Xã Tùng Vài'),
(757, 150, '20111075', 'Xã Yên Cường'),
(758, 150, '20111076', 'Xã Đường Hồng'),
(759, 150, '20111077', 'Xã Bắc Mê'),
(760, 150, '20111078', 'Xã Giáp Trung'),
(761, 150, '20111079', 'Xã Minh Sơn'),
(762, 150, '20111080', 'Xã Minh Ngọc'),
(763, 151, '20101081', 'Xã Ngọc Đường'),
(764, 151, '20101082', 'Phường Hà Giang 1'),
(765, 151, '20101083', 'Phường Hà Giang 2'),
(766, 152, '20115084', 'Xã Lao Chải'),
(767, 152, '20115085', 'Xã Thanh Thuỷ'),
(768, 152, '20115086', 'Xã Minh Tân'),
(769, 152, '20115087', 'Xã Thuận Hoà'),
(770, 152, '20115088', 'Xã Tùng Bá'),
(771, 152, '20115089', 'Xã Phú Linh'),
(772, 152, '20115090', 'Xã Linh Hồ'),
(773, 152, '20115091', 'Xã Bạch Ngọc'),
(774, 152, '20115092', 'Xã Vị Xuyên'),
(775, 152, '20115093', 'Xã Việt Lâm'),
(776, 152, '20115094', 'Xã Cao Bồ'),
(777, 152, '20115095', 'Xã Thượng Sơn'),
(778, 153, '20119096', 'Xã Tân Quang'),
(779, 153, '20119097', 'Xã Đồng Tâm'),
(780, 153, '20119098', 'Xã Liên Hiệp'),
(781, 153, '20119099', 'Xã Bằng Hành'),
(782, 153, '20119100', 'Xã Bắc Quang'),
(783, 153, '20119101', 'Xã Hùng An'),
(784, 153, '20119102', 'Xã Vĩnh Tuy'),
(785, 153, '20119103', 'Xã Đồng Yên'),
(786, 154, '20118104', 'Xã Tiên Yên'),
(787, 154, '20118105', 'Xã Xuân Giang'),
(788, 154, '20118106', 'Xã Bằng Lang'),
(789, 154, '20118107', 'Xã Yên Thành'),
(790, 154, '20118108', 'Xã Quang Bình'),
(791, 154, '20118109', 'Xã Tân Trịnh'),
(792, 154, '20118110', 'Xã Tiên Nguyên'),
(793, 155, '20113111', 'Xã Thông Nguyên'),
(794, 155, '20113112', 'Xã Hồ Thầu'),
(795, 155, '20113113', 'Xã Nậm Dịch'),
(796, 155, '20113114', 'Xã Tân Tiến'),
(797, 155, '20113115', 'Xã Hoàng Su Phì'),
(798, 155, '20113116', 'Xã Thàng Tín'),
(799, 155, '20113117', 'Xã Bản Máy'),
(800, 155, '20113118', 'Xã Pờ Ly Ngài'),
(801, 156, '20117119', 'Xã Xín Mần'),
(802, 156, '20117120', 'Xã Pà Vầy Sủ'),
(803, 156, '20117121', 'Xã Nấm Dẩn'),
(804, 156, '20117122', 'Xã Trung Thịnh'),
(805, 156, '20117123', 'Xã Quảng Nguyên'),
(806, 156, '20117124', 'Xã Khuôn Lùng'),
(807, 157, '21309001', 'Xã Khao Mang'),
(808, 157, '21309002', 'Xã Mù Cang Chải'),
(809, 157, '21309003', 'Xã Púng Luông'),
(810, 158, '21315004', 'Xã Tú Lệ'),
(811, 159, '21317005', 'Xã Trạm Tấu'),
(812, 159, '21317006', 'Xã Hạnh Phúc'),
(813, 159, '21317007', 'Xã Phình Hồ'),
(814, 160, '21303008', 'Phường Nghĩa Lộ'),
(815, 160, '21303009', 'Phường Trung Tâm'),
(816, 160, '21303010', 'Phường Cầu Thia'),
(817, 160, '21303011', 'Xã Liên Sơn'),
(818, 158, '21315012', 'Xã Gia Hội'),
(819, 158, '21315013', 'Xã Sơn Lương'),
(820, 158, '21315014', 'Xã Thượng Bằng La'),
(821, 158, '21315015', 'Xã Chấn Thịnh'),
(822, 158, '21315016', 'Xã Nghĩa Tâm'),
(823, 158, '21315017', 'Xã Văn Chấn'),
(824, 161, '21307018', 'Xã Phong Dụ Hạ'),
(825, 161, '21307019', 'Xã Châu Quế'),
(826, 161, '21307020', 'Xã Lâm Giang'),
(827, 161, '21307021', 'Xã Đông Cuông'),
(828, 161, '21307022', 'Xã Tân Hợp'),
(829, 161, '21307023', 'Xã Mậu A'),
(830, 161, '21307024', 'Xã Xuân Ái'),
(831, 161, '21307025', 'Xã Mỏ Vàng'),
(832, 162, '21305026', 'Xã Lâm Thượng'),
(833, 162, '21305027', 'Xã Lục Yên'),
(834, 162, '21305028', 'Xã Tân Lĩnh'),
(835, 162, '21305029', 'Xã Khánh Hoà'),
(836, 162, '21305030', 'Xã Phúc Lợi'),
(837, 162, '21305031', 'Xã Mường Lai'),
(838, 163, '21313032', 'Xã Cảm Nhân'),
(839, 163, '21313033', 'Xã Yên Thành'),
(840, 163, '21313034', 'Xã Thác Bà'),
(841, 163, '21313035', 'Xã Yên Bình'),
(842, 163, '21313036', 'Xã Bảo Ái'),
(843, 164, '21301037', 'Phường Văn Phú'),
(844, 164, '21301038', 'Phường Yên Bái'),
(845, 164, '21301039', 'Phường Nam Cường'),
(846, 164, '21301040', 'Phường Âu Lâu'),
(847, 165, '21311041', 'Xã Trấn Yên'),
(848, 165, '21311042', 'Xã Hưng Khánh'),
(849, 165, '21311043', 'Xã Lương Thịnh'),
(850, 165, '21311044', 'Xã Việt Hồng'),
(851, 165, '21311045', 'Xã Quy Mông'),
(852, 166, '20511046', 'Xã Phong Hải'),
(853, 166, '20511047', 'Xã Xuân Quang'),
(854, 166, '20511048', 'Xã Bảo Thắng'),
(855, 166, '20511049', 'Xã Tằng Lỏong'),
(856, 166, '20511050', 'Xã Gia Phú'),
(857, 167, '20501051', 'Xã Cốc San'),
(858, 167, '20501052', 'Xã Hợp Thành'),
(859, 167, '20501053', 'Phường Cam Đường'),
(860, 167, '20501054', 'Phường Lào Cai'),
(861, 168, '20507055', 'Xã Mường Hum'),
(862, 168, '20507056', 'Xã Dền Sáng'),
(863, 168, '20507057', 'Xã Y Tý'),
(864, 168, '20507058', 'Xã A Mú Sung'),
(865, 168, '20507059', 'Xã Trịnh Tường'),
(866, 168, '20507060', 'Xã Bản Xèo'),
(867, 168, '20507061', 'Xã Bát Xát'),
(868, 169, '20515062', 'Xã Nghĩa Đô'),
(869, 169, '20515063', 'Xã Thượng Hà'),
(870, 169, '20515064', 'Xã Bảo Yên'),
(871, 169, '20515065', 'Xã Xuân Hoà'),
(872, 169, '20515066', 'Xã Phúc Khánh'),
(873, 169, '20515067', 'Xã Bảo Hà'),
(874, 170, '20519068', 'Xã Võ Lao'),
(875, 170, '20519069', 'Xã Khánh Yên'),
(876, 170, '20519070', 'Xã Văn Bàn'),
(877, 170, '20519071', 'Xã Dương Quỳ'),
(878, 170, '20519072', 'Xã Chiềng Ken'),
(879, 170, '20519073', 'Xã Minh Lương'),
(880, 170, '20519074', 'Xã Nậm Chày'),
(881, 171, '20513075', 'Xã Mường Bo'),
(882, 171, '20513076', 'Xã Bản Hồ'),
(883, 171, '20513077', 'Xã Tả Phìn'),
(884, 171, '20513078', 'Xã Tả Van'),
(885, 171, '20513079', 'Phường Sa Pa'),
(886, 172, '20509080', 'Xã Cốc Lầu'),
(887, 172, '20509081', 'Xã Bảo Nhai'),
(888, 172, '20509082', 'Xã Bản Liền'),
(889, 172, '20509083', 'Xã Bắc Hà'),
(890, 172, '20509084', 'Xã Tả Củ Tỷ'),
(891, 172, '20509085', 'Xã Lùng Phình'),
(892, 173, '20505086', 'Xã Pha Long'),
(893, 173, '20505087', 'Xã Mường Khương'),
(894, 173, '20505088', 'Xã Bản Lầu'),
(895, 173, '20505089', 'Xã Cao Sơn'),
(896, 174, '20521090', 'Xã Si Ma Cai'),
(897, 174, '20521091', 'Xã Sín Chéng'),
(898, 157, '21309092', 'Xã Lao Chải'),
(899, 157, '21309093', 'Xã Chế Tạo'),
(900, 157, '21309094', 'Xã Nậm Có'),
(901, 159, '21317095', 'Xã Tà Xi Láng'),
(902, 161, '21307096', 'Xã Phong Dụ Thượng'),
(903, 158, '21315097', 'Xã Cát Thịnh'),
(904, 170, '20519098', 'Xã Nậm Xé'),
(905, 171, '20513099', 'Xã Ngũ Chỉ Sơn'),
(906, 175, '21501001', 'Phường Phan Đình Phùng'),
(907, 175, '21501002', 'Phường Linh Sơn'),
(908, 175, '21501003', 'Phường Tích Lương'),
(909, 175, '21501004', 'Phường Gia Sàng'),
(910, 175, '21501005', 'Phường Quyết Thắng'),
(911, 175, '21501006', 'Phường Quan Triều'),
(912, 175, '21501007', 'Xã Tân Cương'),
(913, 175, '21501008', 'Xã Đại Phúc'),
(914, 176, '21513009', 'Xã Đại Từ'),
(915, 176, '21513010', 'Xã Đức Lương'),
(916, 176, '21513011', 'Xã Phú Thịnh'),
(917, 176, '21513012', 'Xã La Bằng'),
(918, 176, '21513013', 'Xã Phú Lạc'),
(919, 176, '21513014', 'Xã An Khánh'),
(920, 176, '21513015', 'Xã Quân Chu'),
(921, 176, '21513016', 'Xã Vạn Phú'),
(922, 176, '21513017', 'Xã Phú Xuyên'),
(923, 177, '21517018', 'Phường Phổ Yên'),
(924, 177, '21517019', 'Phường Vạn Xuân'),
(925, 177, '21517020', 'Phường Trung Thành'),
(926, 177, '21517021', 'Phường Phúc Thuận'),
(927, 177, '21517022', 'Xã Thành Công'),
(928, 178, '21515023', 'Xã Phú Bình'),
(929, 178, '21515024', 'Xã Tân Thành'),
(930, 178, '21515025', 'Xã Điềm Thụy'),
(931, 178, '21515026', 'Xã Kha Sơn'),
(932, 178, '21515027', 'Xã Tân Khánh'),
(933, 179, '21511028', 'Xã Đồng Hỷ'),
(934, 179, '21511029', 'Xã Quang Sơn'),
(935, 179, '21511030', 'Xã Trại Cau'),
(936, 179, '21511031', 'Xã Nam Hoà'),
(937, 179, '21511032', 'Xã Văn Hán'),
(938, 179, '21511033', 'Xã Văn Lăng'),
(939, 180, '21503034', 'Phường Sông Công'),
(940, 180, '21503035', 'Phường Bá Xuyên'),
(941, 180, '21503036', 'Phường Bách Quang'),
(942, 181, '21509037', 'Xã Phú Lương'),
(943, 181, '21509038', 'Xã Vô Tranh'),
(944, 181, '21509039', 'Xã Yên Trạch'),
(945, 181, '21509040', 'Xã Hợp Thành'),
(946, 182, '21505041', 'Xã Định Hóa'),
(947, 182, '21505042', 'Xã Bình Yên'),
(948, 182, '21505043', 'Xã Trung Hội'),
(949, 182, '21505044', 'Xã Phượng Tiến'),
(950, 182, '21505045', 'Xã Phú Đình'),
(951, 182, '21505046', 'Xã Bình Thành'),
(952, 182, '21505047', 'Xã Kim Phượng'),
(953, 182, '21505048', 'Xã Lam Vỹ'),
(954, 183, '21507049', 'Xã Võ Nhai'),
(955, 183, '21507050', 'Xã Dân Tiến'),
(956, 183, '21507051', 'Xã Nghinh Tường'),
(957, 183, '21507052', 'Xã Thần Sa'),
(958, 183, '21507053', 'Xã La Hiên'),
(959, 183, '21507054', 'Xã Tràng Xá'),
(960, 184, '20704055', 'Xã Bằng Thành'),
(961, 184, '20704056', 'Xã Nghiên Loan'),
(962, 184, '20704057', 'Xã Cao Minh'),
(963, 185, '20703058', 'Xã Ba Bể'),
(964, 185, '20703059', 'Xã Chợ Rã'),
(965, 185, '20703060', 'Xã Phúc Lộc'),
(966, 185, '20703061', 'Xã Thượng Minh'),
(967, 185, '20703062', 'Xã Đồng Phúc'),
(968, 186, '20713063', 'Xã Yên Bình'),
(969, 187, '20705064', 'Xã Bằng Vân'),
(970, 187, '20705065', 'Xã Ngân Sơn'),
(971, 187, '20705066', 'Xã Nà Phặc'),
(972, 187, '20705067', 'Xã Hiệp Lực'),
(973, 188, '20707068', 'Xã Nam Cường'),
(974, 188, '20707069', 'Xã Quảng Bạch'),
(975, 188, '20707070', 'Xã Yên Thịnh'),
(976, 188, '20707071', 'Xã Chợ Đồn'),
(977, 188, '20707072', 'Xã Yên Phong'),
(978, 188, '20707073', 'Xã Nghĩa Tá'),
(979, 189, '20711074', 'Xã Phủ Thông'),
(980, 189, '20711075', 'Xã Cẩm Giàng'),
(981, 189, '20711076', 'Xã Vĩnh Thông'),
(982, 189, '20711077', 'Xã Bạch Thông'),
(983, 190, '20701078', 'Xã Phong Quang'),
(984, 190, '20701079', 'Phường Đức Xuân'),
(985, 190, '20701080', 'Phường Bắc Kạn'),
(986, 191, '20709081', 'Xã Văn Lang'),
(987, 191, '20709082', 'Xã Cường Lợi'),
(988, 191, '20709083', 'Xã Na Rì'),
(989, 191, '20709084', 'Xã Trần Phú'),
(990, 191, '20709085', 'Xã Côn Minh'),
(991, 191, '20709086', 'Xã Xuân Dương'),
(992, 186, '20713087', 'Xã Tân Kỳ'),
(993, 186, '20713088', 'Xã Thanh Mai'),
(994, 186, '20713089', 'Xã Thanh Thịnh'),
(995, 186, '20713090', 'Xã Chợ Mới'),
(996, 183, '21507091', 'Xã Sảng Mộc'),
(997, 187, '20705092', 'Xã Thượng Quan'),
(998, 192, '20903001', 'Xã Thất Khê'),
(999, 192, '20903002', 'Xã Đoàn Kết'),
(1000, 192, '20903003', 'Xã Tân Tiến'),
(1001, 192, '20903004', 'Xã Tràng Định'),
(1002, 192, '20903005', 'Xã Quốc Khánh'),
(1003, 192, '20903006', 'Xã Kháng Chiến'),
(1004, 192, '20903007', 'Xã Quốc Việt'),
(1005, 193, '20907008', 'Xã Bình Gia'),
(1006, 193, '20907009', 'Xã Tân Văn'),
(1007, 193, '20907010', 'Xã Hồng Phong'),
(1008, 193, '20907011', 'Xã Hoa Thám'),
(1009, 193, '20907012', 'Xã Quý Hoà'),
(1010, 193, '20907013', 'Xã Thiện Hoà'),
(1011, 193, '20907014', 'Xã Thiện Thuật'),
(1012, 193, '20907015', 'Xã Thiện Long'),
(1013, 194, '20909016', 'Xã Bắc Sơn'),
(1014, 194, '20909017', 'Xã Hưng Vũ'),
(1015, 194, '20909018', 'Xã Vũ Lăng'),
(1016, 194, '20909019', 'Xã Nhất Hoà'),
(1017, 194, '20909020', 'Xã Vũ Lễ'),
(1018, 194, '20909021', 'Xã Tân Tri'),
(1019, 195, '20911022', 'Xã Văn Quan'),
(1020, 195, '20911023', 'Xã Điềm He'),
(1021, 195, '20911024', 'Xã Tri Lễ'),
(1022, 195, '20911025', 'Xã Yên Phúc'),
(1023, 195, '20911026', 'Xã Tân Đoàn'),
(1024, 196, '20913027', 'Xã Khánh Khê'),
(1025, 197, '20905028', 'Xã Na Sầm'),
(1026, 197, '20905029', 'Xã Văn Lãng'),
(1027, 197, '20905030', 'Xã Hội Hoan'),
(1028, 197, '20905031', 'Xã Thụy Hùng'),
(1029, 197, '20905032', 'Xã Hoàng Văn Thụ'),
(1030, 198, '20915033', 'Xã Lộc Bình'),
(1031, 198, '20915034', 'Xã Mẫu Sơn'),
(1032, 198, '20915035', 'Xã Na Dương'),
(1033, 198, '20915036', 'Xã Lợi Bác'),
(1034, 198, '20915037', 'Xã Thống Nhất'),
(1035, 198, '20915038', 'Xã Xuân Dương'),
(1036, 198, '20915039', 'Xã Khuất Xá'),
(1037, 199, '20919040', 'Xã Đình Lập'),
(1038, 199, '20919041', 'Xã Châu Sơn'),
(1039, 199, '20919042', 'Xã Kiên Mộc'),
(1040, 199, '20919043', 'Xã Thái Bình'),
(1041, 200, '20921044', 'Xã Hữu Lũng'),
(1042, 200, '20921045', 'Xã Tuấn Sơn'),
(1043, 200, '20921046', 'Xã Tân Thành'),
(1044, 200, '20921047', 'Xã Vân Nham'),
(1045, 200, '20921048', 'Xã Thiện Tân'),
(1046, 200, '20921049', 'Xã Yên Bình'),
(1047, 200, '20921050', 'Xã Hữu Liên'),
(1048, 200, '20921051', 'Xã Cai Kinh'),
(1049, 201, '20917052', 'Xã Chi Lăng'),
(1050, 201, '20917053', 'Xã Nhân Lý'),
(1051, 201, '20917054', 'Xã Chiến Thắng'),
(1052, 201, '20917055', 'Xã Quan Sơn'),
(1053, 201, '20917056', 'Xã Bằng Mạc'),
(1054, 201, '20917057', 'Xã Vạn Linh'),
(1055, 196, '20913058', 'Xã Đồng Đăng'),
(1056, 196, '20913059', 'Xã Cao Lộc'),
(1057, 196, '20913060', 'Xã Công Sơn'),
(1058, 196, '20913061', 'Xã Ba Sơn'),
(1059, 202, '20901062', 'Phường Tam Thanh'),
(1060, 202, '20901063', 'Phường Lương Văn Tri'),
(1061, 196, '20913064', 'Phường Kỳ Lừa'),
(1062, 202, '20901065', 'Phường Đông Kinh'),
(1063, 203, '21701001', 'Phường Việt Trì'),
(1064, 203, '21701002', 'Phường Nông Trang'),
(1065, 203, '21701003', 'Phường Thanh Miếu'),
(1066, 203, '21701004', 'Phường Vân Phú'),
(1067, 203, '21701005', 'Xã Hy Cương'),
(1068, 204, '21721006', 'Xã Lâm Thao'),
(1069, 204, '21721007', 'Xã Xuân Lũng'),
(1070, 204, '21721008', 'Xã Phùng Nguyên'),
(1071, 204, '21721009', 'Xã Bản Nguyên'),
(1072, 205, '21703010', 'Phường Phong Châu'),
(1073, 205, '21703011', 'Phường Phú Thọ'),
(1074, 205, '21703012', 'Phường Âu Cơ'),
(1075, 206, '21711013', 'Xã Phù Ninh'),
(1076, 206, '21711014', 'Xã Dân Chủ'),
(1077, 206, '21711015', 'Xã Phú Mỹ'),
(1078, 206, '21711016', 'Xã Trạm Thản'),
(1079, 206, '21711017', 'Xã Bình Phú'),
(1080, 207, '21709018', 'Xã Thanh Ba'),
(1081, 207, '21709019', 'Xã Quảng Yên'),
(1082, 207, '21709020', 'Xã Hoàng Cương'),
(1083, 207, '21709021', 'Xã Đông Thành'),
(1084, 207, '21709022', 'Xã Chí Tiên'),
(1085, 207, '21709023', 'Xã Liên Minh'),
(1086, 208, '21705024', 'Xã Đoan Hùng'),
(1087, 208, '21705025', 'Xã Tây Cốc'),
(1088, 208, '21705026', 'Xã Chân Mộng'),
(1089, 208, '21705027', 'Xã Chí Đám'),
(1090, 208, '21705028', 'Xã Bằng Luân'),
(1091, 209, '21707029', 'Xã Hạ Hòa'),
(1092, 209, '21707030', 'Xã Đan Thượng'),
(1093, 209, '21707031', 'Xã Yên Kỳ'),
(1094, 209, '21707032', 'Xã Vĩnh Chân'),
(1095, 209, '21707033', 'Xã Văn Lang'),
(1096, 209, '21707034', 'Xã Hiền Lương'),
(1097, 210, '21713035', 'Xã Cẩm Khê'),
(1098, 210, '21713036', 'Xã Phú Khê'),
(1099, 210, '21713037', 'Xã Hùng Việt'),
(1100, 210, '21713038', 'Xã Đồng Lương'),
(1101, 210, '21713039', 'Xã Tiên Lương'),
(1102, 210, '21713040', 'Xã Vân Bán'),
(1103, 211, '21717041', 'Xã Tam Nông'),
(1104, 211, '21717042', 'Xã Thọ Văn'),
(1105, 211, '21717043', 'Xã Vạn Xuân'),
(1106, 211, '21717044', 'Xã Hiền Quan'),
(1107, 212, '21723045', 'Xã Thanh Thuỷ'),
(1108, 212, '21723046', 'Xã Đào Xá'),
(1109, 212, '21723047', 'Xã Tu Vũ'),
(1110, 213, '21719048', 'Xã Thanh Sơn'),
(1111, 213, '21719049', 'Xã Võ Miếu'),
(1112, 213, '21719050', 'Xã Văn Miếu'),
(1113, 213, '21719051', 'Xã Cự Đồng'),
(1114, 213, '21719052', 'Xã Hương Cần'),
(1115, 213, '21719053', 'Xã Yên Sơn'),
(1116, 213, '21719054', 'Xã Khả Cửu'),
(1117, 214, '21720055', 'Xã Tân Sơn'),
(1118, 214, '21720056', 'Xã Minh Đài'),
(1119, 214, '21720057', 'Xã Lai Đồng'),
(1120, 214, '21720058', 'Xã Thu Cúc'),
(1121, 214, '21720059', 'Xã Xuân Đài'),
(1122, 214, '21720060', 'Xã Long Cốc'),
(1123, 215, '21715061', 'Xã Yên Lập'),
(1124, 215, '21715062', 'Xã Thượng Long'),
(1125, 215, '21715063', 'Xã Sơn Lương'),
(1126, 215, '21715064', 'Xã Xuân Viên'),
(1127, 215, '21715065', 'Xã Minh Hòa'),
(1128, 215, '21715066', 'Xã Trung Sơn'),
(1129, 216, '21915067', 'Xã Tam Sơn'),
(1130, 216, '21915068', 'Xã Sông Lô'),
(1131, 216, '21915069', 'Xã Hải Lựu'),
(1132, 216, '21915070', 'Xã Yên Lãng'),
(1133, 217, '21903071', 'Xã Lập Thạch'),
(1134, 217, '21903072', 'Xã Tiên Lữ'),
(1135, 217, '21903073', 'Xã Thái Hòa'),
(1136, 217, '21903074', 'Xã Liên Hòa'),
(1137, 217, '21903075', 'Xã Hợp Lý'),
(1138, 217, '21903076', 'Xã Sơn Đông'),
(1139, 218, '21904077', 'Xã Tam Đảo'),
(1140, 218, '21904078', 'Xã Đại Đình'),
(1141, 218, '21904079', 'Xã Đạo Trù'),
(1142, 219, '21905080', 'Xã Tam Dương'),
(1143, 219, '21905081', 'Xã Hội Thịnh'),
(1144, 219, '21905082', 'Xã Hoàng An'),
(1145, 219, '21905083', 'Xã Tam Dương Bắc'),
(1146, 220, '21907084', 'Xã Vĩnh Tường'),
(1147, 220, '21907085', 'Xã Thổ Tang'),
(1148, 220, '21907086', 'Xã Vĩnh Hưng'),
(1149, 220, '21907087', 'Xã Vĩnh An'),
(1150, 220, '21907088', 'Xã Vĩnh Phú'),
(1151, 220, '21907089', 'Xã Vĩnh Thành'),
(1152, 221, '21909090', 'Xã Yên Lạc'),
(1153, 221, '21909091', 'Xã Tề Lỗ'),
(1154, 221, '21909092', 'Xã Liên Châu'),
(1155, 221, '21909093', 'Xã Tam Hồng'),
(1156, 221, '21909094', 'Xã Nguyệt Đức'),
(1157, 222, '21913095', 'Xã Bình Nguyên'),
(1158, 222, '21913096', 'Xã Xuân Lãng'),
(1159, 222, '21913097', 'Xã Bình Xuyên'),
(1160, 222, '21913098', 'Xã Bình Tuyền'),
(1161, 223, '21901099', 'Phường Vĩnh Phúc'),
(1162, 223, '21901100', 'Phường Vĩnh Yên'),
(1163, 224, '21902101', 'Phường Phúc Yên'),
(1164, 224, '21902102', 'Phường Xuân Hòa'),
(1165, 225, '30510103', 'Xã Cao Phong'),
(1166, 225, '30510104', 'Xã Mường Thàng'),
(1167, 225, '30510105', 'Xã Thung Nai'),
(1168, 226, '30503106', 'Xã Đà Bắc'),
(1169, 226, '30503107', 'Xã Cao Sơn'),
(1170, 226, '30503108', 'Xã Đức Nhàn'),
(1171, 226, '30503109', 'Xã Quy Đức'),
(1172, 226, '30503110', 'Xã Tân Pheo'),
(1173, 226, '30503111', 'Xã Tiền Phong'),
(1174, 227, '30511112', 'Xã Kim Bôi'),
(1175, 227, '30511113', 'Xã Mường Động'),
(1176, 227, '30511114', 'Xã Dũng Tiến'),
(1177, 227, '30511115', 'Xã Hợp Kim'),
(1178, 227, '30511116', 'Xã Nật Sơn'),
(1179, 228, '30515117', 'Xã Lạc Sơn'),
(1180, 228, '30515118', 'Xã Mường Vang'),
(1181, 228, '30515119', 'Xã Đại Đồng'),
(1182, 228, '30515120', 'Xã Ngọc Sơn'),
(1183, 228, '30515121', 'Xã Nhân Nghĩa'),
(1184, 228, '30515122', 'Xã Quyết Thắng'),
(1185, 228, '30515123', 'Xã Thượng Cốc'),
(1186, 228, '30515124', 'Xã Yên Phú'),
(1187, 229, '30517125', 'Xã Lạc Thủy'),
(1188, 229, '30517126', 'Xã An Bình'),
(1189, 229, '30517127', 'Xã An Nghĩa'),
(1190, 230, '30509128', 'Xã Lương Sơn'),
(1191, 230, '30509129', 'Xã Cao Dương'),
(1192, 230, '30509130', 'Xã Liên Sơn'),
(1193, 231, '30505131', 'Xã Mai Châu'),
(1194, 231, '30505132', 'Xã Bao La'),
(1195, 231, '30505133', 'Xã Mai Hạ'),
(1196, 231, '30505134', 'Xã Pà Cò'),
(1197, 231, '30505135', 'Xã Tân Mai'),
(1198, 232, '30513136', 'Xã Tân Lạc'),
(1199, 232, '30513137', 'Xã Mường Bi'),
(1200, 232, '30513138', 'Xã Mường Hoa'),
(1201, 232, '30513139', 'Xã Toàn Thắng'),
(1202, 232, '30513140', 'Xã Vân Sơn'),
(1203, 233, '30519141', 'Xã Yên Thủy'),
(1204, 233, '30519142', 'Xã Lạc Lương'),
(1205, 233, '30519143', 'Xã Yên Trị'),
(1206, 234, '30501144', 'Xã Thịnh Minh'),
(1207, 234, '30501145', 'Phường Hoà Bình'),
(1208, 234, '30501146', 'Phường Kỳ Sơn'),
(1209, 234, '30501147', 'Phường Tân Hoà'),
(1210, 234, '30501148', 'Phường Thống Nhất'),
(1211, 235, '30101001', 'Xã Mường Phăng'),
(1212, 235, '30101002', 'Phường Điện Biên Phủ'),
(1213, 235, '30101003', 'Phường Mường Thanh'),
(1214, 236, '30103004', 'Phường Mường Lay'),
(1215, 237, '30117005', 'Xã Thanh Nưa'),
(1216, 237, '30117006', 'Xã Thanh An'),
(1217, 237, '30117007', 'Xã Thanh Yên'),
(1218, 237, '30117008', 'Xã Sam Mứn'),
(1219, 237, '30117009', 'Xã Núa Ngam'),
(1220, 237, '30117010', 'Xã Mường Nhà'),
(1221, 238, '30115011', 'Xã Tuần Giáo'),
(1222, 238, '30115012', 'Xã Quài Tở'),
(1223, 238, '30115013', 'Xã Mường Mùn'),
(1224, 238, '30115014', 'Xã Pú Nhung'),
(1225, 238, '30115015', 'Xã Chiềng Sinh'),
(1226, 239, '30113016', 'Xã Tủa Chùa'),
(1227, 239, '30113017', 'Xã Sín Chải'),
(1228, 239, '30113018', 'Xã Sính Phình'),
(1229, 239, '30113019', 'Xã Tủa Thàng'),
(1230, 239, '30113020', 'Xã Sáng Nhè'),
(1231, 240, '30111021', 'Xã Na Sang'),
(1232, 240, '30111022', 'Xã Mường Tùng'),
(1233, 240, '30111023', 'Xã Pa Ham'),
(1234, 240, '30111024', 'Xã Nậm Nèn'),
(1235, 240, '30111025', 'Xã Mường Pồn'),
(1236, 241, '30119026', 'Xã Na Son'),
(1237, 241, '30119027', 'Xã Xa Dung'),
(1238, 241, '30119028', 'Xã Pu Nhi'),
(1239, 241, '30119029', 'Xã Mường Luân'),
(1240, 241, '30119030', 'Xã Tìa Dình'),
(1241, 241, '30119031', 'Xã Phình Giàng'),
(1242, 242, '30123032', 'Xã Mường Chà'),
(1243, 242, '30123033', 'Xã Nà Hỳ'),
(1244, 242, '30123034', 'Xã Nà Bủng'),
(1245, 242, '30123035', 'Xã Chà Tở'),
(1246, 242, '30123036', 'Xã Si Pa Phìn'),
(1247, 243, '30104037', 'Xã Mường Nhé'),
(1248, 243, '30104038', 'Xã Sín Thầu'),
(1249, 243, '30104039', 'Xã Mường Toong'),
(1250, 243, '30104040', 'Xã Nậm Kè'),
(1251, 243, '30104041', 'Xã Quảng Lâm'),
(1252, 244, '30121042', 'Xã Mường Ảng'),
(1253, 244, '30121043', 'Xã Nà Tấu'),
(1254, 244, '30121044', 'Xã Búng Lao'),
(1255, 244, '30121045', 'Xã Mường Lạn'),
(1256, 245, '30209001', 'Xã Mường Kim'),
(1257, 245, '30209002', 'Xã Khoen On'),
(1258, 245, '30209003', 'Xã Than Uyên'),
(1259, 245, '30209004', 'Xã Mường Than'),
(1260, 246, '30211005', 'Xã Pắc Ta'),
(1261, 246, '30211006', 'Xã Nậm Sỏ'),
(1262, 246, '30211007', 'Xã Tân Uyên'),
(1263, 246, '30211008', 'Xã Mường Khoa'),
(1264, 247, '30205009', 'Xã Bản Bo'),
(1265, 247, '30205010', 'Xã Bình Lư'),
(1266, 247, '30205011', 'Xã Tả Lèng'),
(1267, 247, '30205012', 'Xã Khun Há'),
(1268, 248, '30202013', 'Phường Tân Phong'),
(1269, 248, '30202014', 'Phường Đoàn Kết'),
(1270, 249, '30203015', 'Xã Sin Suối Hồ'),
(1271, 249, '30203016', 'Xã Phong Thổ'),
(1272, 249, '30203017', 'Xã Sì Lở Lầu'),
(1273, 249, '30203018', 'Xã Dào San'),
(1274, 249, '30203019', 'Xã Khổng Lào'),
(1275, 250, '30207020', 'Xã Tủa Sín Chải'),
(1276, 250, '30207021', 'Xã Sìn Hồ'),
(1277, 250, '30207022', 'Xã Hồng Thu'),
(1278, 250, '30207023', 'Xã Nậm Tăm'),
(1279, 250, '30207024', 'Xã Pu Sam Cáp'),
(1280, 250, '30207025', 'Xã Nậm Cuổi'),
(1281, 250, '30207026', 'Xã Nậm Mạ'),
(1282, 251, '30213027', 'Xã Lê Lợi'),
(1283, 251, '30213028', 'Xã Nậm Hàng'),
(1284, 251, '30213029', 'Xã Mường Mô'),
(1285, 251, '30213030', 'Xã Hua Bum'),
(1286, 251, '30213031', 'Xã Pa Tần'),
(1287, 252, '30201032', 'Xã Bum Nưa'),
(1288, 252, '30201033', 'Xã Bum Tở'),
(1289, 252, '30201034', 'Xã Mường Tè'),
(1290, 252, '30201035', 'Xã Thu Lũm'),
(1291, 252, '30201036', 'Xã Pa Ủ'),
(1292, 252, '30201037', 'Xã Tà Tổng'),
(1293, 252, '30201038', 'Xã Mù Cả'),
(1294, 253, '30301001', 'Phường Tô Hiệu'),
(1295, 253, '30301002', 'Phường Chiềng An'),
(1296, 253, '30301003', 'Phường Chiềng Cơi'),
(1297, 253, '30301004', 'Phường Chiềng Sinh'),
(1298, 254, '30319005', 'Phường Mộc Châu'),
(1299, 254, '30319006', 'Phường Mộc Sơn'),
(1300, 254, '30319007', 'Phường Vân Sơn'),
(1301, 254, '30319008', 'Phường Thảo Nguyên'),
(1302, 254, '30319009', 'Xã Đoàn Kết'),
(1303, 254, '30319010', 'Xã Lóng Sập'),
(1304, 254, '30319011', 'Xã Chiềng Sơn'),
(1305, 255, '30323012', 'Xã Vân Hồ'),
(1306, 255, '30323013', 'Xã Song Khủa'),
(1307, 255, '30323014', 'Xã Tô Múa'),
(1308, 255, '30323015', 'Xã Xuân Nha'),
(1309, 256, '30303016', 'Xã Quỳnh Nhai'),
(1310, 256, '30303017', 'Xã Mường Chiên'),
(1311, 256, '30303018', 'Xã Mường Giôn'),
(1312, 256, '30303019', 'Xã Mường Sại'),
(1313, 257, '30307020', 'Xã Thuận Châu'),
(1314, 257, '30307021', 'Xã Chiềng La'),
(1315, 257, '30307022', 'Xã Nậm Lầu'),
(1316, 257, '30307023', 'Xã Muổi Nọi'),
(1317, 257, '30307024', 'Xã Mường Khiêng'),
(1318, 257, '30307025', 'Xã Co Mạ'),
(1319, 257, '30307026', 'Xã Bình Thuận'),
(1320, 257, '30307027', 'Xã Mường É'),
(1321, 257, '30307028', 'Xã Long Hẹ'),
(1322, 258, '30305029', 'Xã Mường La'),
(1323, 258, '30305030', 'Xã Chiềng Lao'),
(1324, 258, '30305031', 'Xã Mường Bú'),
(1325, 258, '30305032', 'Xã Chiềng Hoa'),
(1326, 259, '30309033', 'Xã Bắc Yên'),
(1327, 259, '30309034', 'Xã Tà Xùa'),
(1328, 259, '30309035', 'Xã Tạ Khoa'),
(1329, 259, '30309036', 'Xã Xím Vàng'),
(1330, 259, '30309037', 'Xã Pắc Ngà'),
(1331, 259, '30309038', 'Xã Chiềng Sại'),
(1332, 260, '30311039', 'Xã Phù Yên'),
(1333, 260, '30311040', 'Xã Gia Phù'),
(1334, 260, '30311041', 'Xã Tường Hạ'),
(1335, 260, '30311042', 'Xã Mường Cơi'),
(1336, 260, '30311043', 'Xã Mường Bang'),
(1337, 260, '30311044', 'Xã Tân Phong'),
(1338, 260, '30311045', 'Xã Kim Bon'),
(1339, 261, '30317046', 'Xã Yên Châu'),
(1340, 261, '30317047', 'Xã Chiềng Hặc'),
(1341, 261, '30317048', 'Xã Lóng Phiêng'),
(1342, 261, '30317049', 'Xã Yên Sơn'),
(1343, 262, '30313050', 'Xã Chiềng Mai'),
(1344, 262, '30313051', 'Xã Mai Sơn'),
(1345, 262, '30313052', 'Xã Phiêng Pằn'),
(1346, 262, '30313053', 'Xã Chiềng Mung'),
(1347, 262, '30313054', 'Xã Phiêng Cằm'),
(1348, 262, '30313055', 'Xã Mường Chanh'),
(1349, 262, '30313056', 'Xã Tà Hộc'),
(1350, 262, '30313057', 'Xã Chiềng Sung'),
(1351, 263, '30315058', 'Xã Bó Sinh'),
(1352, 263, '30315059', 'Xã Chiềng Khương'),
(1353, 263, '30315060', 'Xã Mường Hung'),
(1354, 263, '30315061', 'Xã Chiềng Khoong'),
(1355, 263, '30315062', 'Xã Mường Lầm'),
(1356, 263, '30315063', 'Xã Nậm Ty'),
(1357, 263, '30315064', 'Xã Sông Mã'),
(1358, 263, '30315065', 'Xã Huổi Một'),
(1359, 263, '30315066', 'Xã Chiềng Sơ'),
(1360, 264, '30321067', 'Xã Sốp Cộp'),
(1361, 264, '30321068', 'Xã Púng Bánh'),
(1362, 254, '30319069', 'Xã Tân Yên'),
(1363, 257, '30307070', 'Xã Mường Bám'),
(1364, 258, '30305071', 'Xã Ngọc Chiến'),
(1365, 260, '30311072', 'Xã Suối Tọ'),
(1366, 261, '30317073', 'Xã Phiêng Khoài'),
(1367, 264, '30321074', 'Xã Mường Lạn'),
(1368, 264, '30321075', 'Xã Mường Lèo'),
(1369, 265, '40101001', 'Phường Hạc Thành'),
(1370, 265, '40101002', 'Phường Quảng Phú'),
(1371, 265, '40101003', 'Phường Đông Quang'),
(1372, 265, '40101004', 'Phường Đông Sơn'),
(1373, 265, '40101005', 'Phường Đông Tiến'),
(1374, 265, '40101006', 'Phường Hàm Rồng'),
(1375, 265, '40101007', 'Phường Nguyệt Viên'),
(1376, 266, '40105008', 'Phường Sầm Sơn'),
(1377, 266, '40105009', 'Phường Nam Sầm Sơn'),
(1378, 267, '40103010', 'Phường Bỉm Sơn'),
(1379, 267, '40103011', 'Phường Quang Trung'),
(1380, 268, '40153012', 'Phường Ngọc Sơn'),
(1381, 268, '40153013', 'Phường Tân Dân'),
(1382, 268, '40153014', 'Phường Hải Lĩnh'),
(1383, 268, '40153015', 'Phường Tĩnh Gia'),
(1384, 268, '40153016', 'Phường Đào Duy Tư'),
(1385, 268, '40153017', 'Phường Hải Bình'),
(1386, 268, '40153018', 'Phường Trúc Lâm'),
(1387, 268, '40153019', 'Phường Nghi Sơn'),
(1388, 268, '40153020', 'Xã Các Sơn'),
(1389, 268, '40153021', 'Xã Trường Lâm'),
(1390, 269, '40131022', 'Xã Hà Trung'),
(1391, 269, '40131023', 'Xã Tống Sơn'),
(1392, 269, '40131024', 'Xã Hà Long'),
(1393, 269, '40131025', 'Xã Hoạt Giang'),
(1394, 269, '40131026', 'Xã Lĩnh Toại'),
(1395, 270, '40139027', 'Xã Triệu Lộc'),
(1396, 270, '40139028', 'Xã Đông Thành'),
(1397, 270, '40139029', 'Xã Hậu Lộc'),
(1398, 270, '40139030', 'Xã Hoa Lộc'),
(1399, 270, '40139031', 'Xã Vạn Lộc'),
(1400, 271, '40133032', 'Xã Nga Sơn'),
(1401, 271, '40133033', 'Xã Nga Thắng'),
(1402, 271, '40133034', 'Xã Hồ Vương'),
(1403, 271, '40133035', 'Xã Tân Tiến'),
(1404, 271, '40133036', 'Xã Nga An'),
(1405, 271, '40133037', 'Xã Ba Đình'),
(1406, 272, '40143038', 'Xã Hoằng Hóa'),
(1407, 272, '40143039', 'Xã Hoằng Tiến'),
(1408, 272, '40143040', 'Xã Hoằng Thanh'),
(1409, 272, '40143041', 'Xã Hoằng Lộc'),
(1410, 272, '40143042', 'Xã Hoằng Châu'),
(1411, 272, '40143043', 'Xã Hoằng Sơn'),
(1412, 272, '40143044', 'Xã Hoằng Phú'),
(1413, 272, '40143045', 'Xã Hoằng Giang'),
(1414, 273, '40149046', 'Xã Lưu Vệ'),
(1415, 273, '40149047', 'Xã Quảng Yên'),
(1416, 273, '40149048', 'Xã Quảng Ngọc'),
(1417, 273, '40149049', 'Xã Quảng Ninh'),
(1418, 273, '40149050', 'Xã Quảng Bình'),
(1419, 273, '40149051', 'Xã Tiên Trang'),
(1420, 273, '40149052', 'Xã Quảng Chính'),
(1421, 274, '40151053', 'Xã Nông Cống'),
(1422, 274, '40151054', 'Xã Thắng Lợi'),
(1423, 274, '40151055', 'Xã Trung Chính'),
(1424, 274, '40151056', 'Xã Trường Văn'),
(1425, 274, '40151057', 'Xã Thăng Bình'),
(1426, 274, '40151058', 'Xã Tượng Lĩnh'),
(1427, 274, '40151059', 'Xã Công Chính'),
(1428, 275, '40141060', 'Xã Thiệu Hóa'),
(1429, 275, '40141061', 'Xã Thiệu Quang'),
(1430, 275, '40141062', 'Xã Thiệu Tiến'),
(1431, 275, '40141063', 'Xã Thiệu Toán'),
(1432, 275, '40141064', 'Xã Thiệu Trung'),
(1433, 276, '40135065', 'Xã Yên Định'),
(1434, 276, '40135066', 'Xã Yên Trường'),
(1435, 276, '40135067', 'Xã Yên Phú'),
(1436, 276, '40135068', 'Xã Quý Lộc'),
(1437, 276, '40135069', 'Xã Yên Ninh'),
(1438, 276, '40135070', 'Xã Định Tân'),
(1439, 276, '40135071', 'Xã Định Hoà'),
(1440, 277, '40137072', 'Xã Thọ Xuân'),
(1441, 277, '40137073', 'Xã Thọ Long'),
(1442, 277, '40137074', 'Xã Xuân Hoà'),
(1443, 277, '40137075', 'Xã Sao Vàng'),
(1444, 277, '40137076', 'Xã Lam Sơn'),
(1445, 277, '40137077', 'Xã Thọ Lập'),
(1446, 277, '40137078', 'Xã Xuân Tín'),
(1447, 277, '40137079', 'Xã Xuân Lập'),
(1448, 278, '40129080', 'Xã Vĩnh Lộc'),
(1449, 278, '40129081', 'Xã Tây Đô'),
(1450, 278, '40129082', 'Xã Biện Thượng'),
(1451, 279, '40147083', 'Xã Triệu Sơn'),
(1452, 279, '40147084', 'Xã Thọ Bình'),
(1453, 279, '40147085', 'Xã Thọ Ngọc'),
(1454, 279, '40147086', 'Xã Thọ Phú'),
(1455, 279, '40147087', 'Xã Hợp Tiến'),
(1456, 279, '40147088', 'Xã An Nông'),
(1457, 279, '40147089', 'Xã Tân Ninh'),
(1458, 279, '40147090', 'Xã Đồng Tiến'),
(1459, 280, '40107091', 'Xã Mường Chanh'),
(1460, 280, '40107092', 'Xã Quang Chiểu'),
(1461, 280, '40107093', 'Xã Tam chung'),
(1462, 280, '40107094', 'Xã Mường Lát'),
(1463, 280, '40107095', 'Xã Pù Nhi'),
(1464, 280, '40107096', 'Xã Nhi Sơn'),
(1465, 280, '40107097', 'Xã Mường Lý'),
(1466, 280, '40107098', 'Xã Trung Lý'),
(1467, 281, '40109099', 'Xã Hồi Xuân'),
(1468, 281, '40109100', 'Xã Nam Xuân'),
(1469, 281, '40109101', 'Xã Thiên Phủ'),
(1470, 281, '40109102', 'Xã Hiền Kiệt'),
(1471, 281, '40109103', 'Xã Phú Xuân'),
(1472, 281, '40109104', 'Xã Phú Lệ'),
(1473, 281, '40109105', 'Xã Trung Thành'),
(1474, 281, '40109106', 'Xã Trung Sơn'),
(1475, 282, '40111107', 'Xã Na Mèo'),
(1476, 282, '40111108', 'Xã Sơn Thủy'),
(1477, 282, '40111109', 'Xã Sơn Điện'),
(1478, 282, '40111110', 'Xã Mường Mìn'),
(1479, 282, '40111111', 'Xã Tam Thanh'),
(1480, 282, '40111112', 'Xã Tam Lư'),
(1481, 282, '40111113', 'Xã Quan Sơn'),
(1482, 282, '40111114', 'Xã Trung Hạ'),
(1483, 283, '40117115', 'Xã Linh Sơn'),
(1484, 283, '40117116', 'Xã Đồng Lương'),
(1485, 283, '40117117', 'Xã Văn Phú'),
(1486, 283, '40117118', 'Xã Giao An'),
(1487, 283, '40117119', 'Xã Yên Khương'),
(1488, 283, '40117120', 'Xã Yên Thắng'),
(1489, 284, '40113121', 'Xã Văn Nho'),
(1490, 284, '40113122', 'Xã Thiết Ống'),
(1491, 284, '40113123', 'Xã Bá Thước'),
(1492, 284, '40113124', 'Xã Cổ Lũng'),
(1493, 284, '40113125', 'Xã Pù Luông'),
(1494, 284, '40113126', 'Xã Điền Lư'),
(1495, 284, '40113127', 'Xã Điền Quang'),
(1496, 284, '40113128', 'Xã Quý Lương'),
(1497, 285, '40121129', 'Xã Ngọc Lặc'),
(1498, 285, '40121130', 'Xã Thạch Lập'),
(1499, 285, '40121131', 'Xã Ngọc Liên'),
(1500, 285, '40121132', 'Xã Minh Sơn'),
(1501, 285, '40121133', 'Xã Nguyệt Ấn'),
(1502, 285, '40121134', 'Xã Kiên Thọ'),
(1503, 286, '40115135', 'Xã Cẩm Thạch'),
(1504, 286, '40115136', 'Xã Cẩm Thủy'),
(1505, 286, '40115137', 'Xã Cẩm Tú'),
(1506, 286, '40115138', 'Xã Cẩm Vân'),
(1507, 286, '40115139', 'Xã Cẩm Tân'),
(1508, 287, '40119140', 'Xã Kim Tân'),
(1509, 287, '40119141', 'Xã Vân Du'),
(1510, 287, '40119142', 'Xã Ngọc Trạo'),
(1511, 287, '40119143', 'Xã Thạch Bình'),
(1512, 287, '40119144', 'Xã Thành Vinh'),
(1513, 287, '40119145', 'Xã Thạch Quảng'),
(1514, 288, '40125146', 'Xã Như Xuân'),
(1515, 288, '40125147', 'Xã Thượng Ninh'),
(1516, 288, '40125148', 'Xã Xuân Bình'),
(1517, 288, '40125149', 'Xã Hóa Quỳ'),
(1518, 288, '40125150', 'Xã Thanh Quân'),
(1519, 288, '40125151', 'Xã Thanh Phong'),
(1520, 289, '40127152', 'Xã Xuân Du'),
(1521, 289, '40127153', 'Xã Mậu Lâm'),
(1522, 289, '40127154', 'Xã Như Thanh'),
(1523, 289, '40127155', 'Xã Yên Thọ'),
(1524, 289, '40127156', 'Xã Xuân Thái'),
(1525, 289, '40127157', 'Xã Thanh Kỳ'),
(1526, 290, '40123158', 'Xã Bát Mọt'),
(1527, 290, '40123159', 'Xã Yên Nhân'),
(1528, 290, '40123160', 'Xã Lương Sơn'),
(1529, 290, '40123161', 'Xã Thường Xuân'),
(1530, 290, '40123162', 'Xã Luận Thành'),
(1531, 290, '40123163', 'Xã Tân Thành'),
(1532, 290, '40123164', 'Xã Vạn Xuân'),
(1533, 290, '40123165', 'Xã Thắng Lộc'),
(1534, 290, '40123166', 'Xã Xuân Chinh'),
(1535, 291, '40327001', 'Xã Anh Sơn'),
(1536, 291, '40327002', 'Xã Yên Xuân'),
(1537, 291, '40327003', 'Xã Nhân Hoà'),
(1538, 291, '40327004', 'Xã Anh Sơn Đông'),
(1539, 291, '40327005', 'Xã Vĩnh Tường'),
(1540, 291, '40327006', 'Xã Thành Bình Thọ'),
(1541, 292, '40321007', 'Xã Con Cuông'),
(1542, 292, '40321008', 'Xã Môn Sơn'),
(1543, 292, '40321009', 'Xã Mậu Thạch'),
(1544, 292, '40321010', 'Xã Cam Phục'),
(1545, 292, '40321011', 'Xã Châu Khê'),
(1546, 292, '40321012', 'Xã Bình Chuẩn'),
(1547, 293, '40325013', 'Xã Diễn Châu'),
(1548, 293, '40325014', 'Xã Đức Châu'),
(1549, 293, '40325015', 'Xã Quảng Châu'),
(1550, 293, '40325016', 'Xã Hải Châu'),
(1551, 293, '40325017', 'Xã Tân Châu'),
(1552, 293, '40325018', 'Xã An Châu'),
(1553, 293, '40325019', 'Xã Minh Châu'),
(1554, 293, '40325020', 'Xã Hùng Châu'),
(1555, 294, '40329021', 'Xã Đô Lương'),
(1556, 294, '40329022', 'Xã Bạch Ngọc'),
(1557, 294, '40329023', 'Xã Văn Hiến'),
(1558, 294, '40329024', 'Xã Bạch Hà'),
(1559, 294, '40329025', 'Xã Thuần Trung'),
(1560, 294, '40329026', 'Xã Lương Sơn'),
(1561, 295, '40339027', 'Phường Hoàng Mai'),
(1562, 295, '40339028', 'Phường Tân Mai'),
(1563, 295, '40339029', 'Phường Quỳnh Mai'),
(1564, 296, '40337030', 'Xã Hưng Nguyên'),
(1565, 296, '40337031', 'Xã Yên Trung'),
(1566, 296, '40337032', 'Xã Hưng Nguyên Nam'),
(1567, 296, '40337033', 'Xã Lam Thành'),
(1568, 297, '40309034', 'Xã Mường Xén'),
(1569, 297, '40309035', 'Xã Hữu Kiệm'),
(1570, 297, '40309036', 'Xã Nậm Cắn'),
(1571, 297, '40309037', 'Xã Chiêu Lưu'),
(1572, 297, '40309038', 'Xã Na Loi'),
(1573, 297, '40309039', 'Xã Mường Típ'),
(1574, 297, '40309040', 'Xã Na Ngoi'),
(1575, 297, '40309041', 'Xã Mỹ Lý'),
(1576, 297, '40309042', 'Xã Bắc Lý'),
(1577, 297, '40309043', 'Xã Keng Đu'),
(1578, 297, '40309044', 'Xã Huồi Tụ'),
(1579, 297, '40309045', 'Xã Mường Lống'),
(1580, 298, '40335046', 'Xã Vạn An'),
(1581, 298, '40335047', 'Xã Nam Đàn'),
(1582, 298, '40335048', 'Xã Đại Huệ'),
(1583, 298, '40335049', 'Xã Thiên Nhẫn'),
(1584, 298, '40335050', 'Xã Kim Liên'),
(1585, 299, '40313051', 'Xã Nghĩa Đàn'),
(1586, 299, '40313052', 'Xã Nghĩa Thọ'),
(1587, 299, '40313053', 'Xã Nghĩa Lâm'),
(1588, 299, '40313054', 'Xã Nghĩa Mai'),
(1589, 299, '40313055', 'Xã Nghĩa Hưng'),
(1590, 299, '40313056', 'Xã Nghĩa Khánh'),
(1591, 299, '40313057', 'Xã Nghĩa Lộc'),
(1592, 300, '40333058', 'Xã Nghi Lộc'),
(1593, 300, '40333059', 'Xã Phúc Lộc'),
(1594, 300, '40333060', 'Xã Đông Lộc'),
(1595, 300, '40333061', 'Xã Trung Lộc'),
(1596, 300, '40333062', 'Xã Thần Lĩnh'),
(1597, 300, '40333063', 'Xã Hải Lộc'),
(1598, 300, '40333064', 'Xã Văn Kiều'),
(1599, 301, '40305065', 'Xã Quế Phong'),
(1600, 301, '40305066', 'Xã Tiền Phong'),
(1601, 301, '40305067', 'Xã Tri Lễ'),
(1602, 301, '40305068', 'Xã Mường Quàng'),
(1603, 301, '40305069', 'Xã Thông Thụ'),
(1604, 302, '40307070', 'Xã Quỳ Châu'),
(1605, 302, '40307071', 'Xã Châu Tiến'),
(1606, 302, '40307072', 'Xã Hùng Chân'),
(1607, 302, '40307073', 'Xã Châu Bình'),
(1608, 303, '40311074', 'Xã Quỳ Hợp'),
(1609, 303, '40311075', 'Xã Tam Hợp'),
(1610, 303, '40311076', 'Xã Châu Lộc'),
(1611, 303, '40311077', 'Xã Châu Hồng'),
(1612, 303, '40311078', 'Xã Mường Ham'),
(1613, 303, '40311079', 'Xã Mường Chọng'),
(1614, 303, '40311080', 'Xã Minh Hợp'),
(1615, 304, '40317081', 'Xã Quỳnh Lưu'),
(1616, 304, '40317082', 'Xã Quỳnh Văn'),
(1617, 304, '40317083', 'Xã Quỳnh Anh'),
(1618, 304, '40317084', 'Xã Quỳnh Tam'),
(1619, 304, '40317085', 'Xã Quỳnh Phú'),
(1620, 304, '40317086', 'Xã Quỳnh Sơn'),
(1621, 304, '40317087', 'Xã Quỳnh Thắng'),
(1622, 305, '40319088', 'Xã Tân Kỳ'),
(1623, 305, '40319089', 'Xã Tân Phú'),
(1624, 305, '40319090', 'Xã Tân An'),
(1625, 305, '40319091', 'Xã Nghĩa Đồng'),
(1626, 305, '40319092', 'Xã Giai Xuân'),
(1627, 305, '40319093', 'Xã Nghĩa Hành'),
(1628, 305, '40319094', 'Xã Tiên Đồng'),
(1629, 306, '40314095', 'Phường Thái Hoà'),
(1630, 306, '40314096', 'Phường Tây Hiếu'),
(1631, 306, '40314097', 'Xã Đông Hiếu'),
(1632, 307, '40331098', 'Xã Cát Ngạn'),
(1633, 307, '40331099', 'Xã Tam Đồng'),
(1634, 307, '40331100', 'Xã Hạnh Lâm'),
(1635, 307, '40331101', 'Xã Sơn Lâm'),
(1636, 307, '40331102', 'Xã Hoa Quân'),
(1637, 307, '40331103', 'Xã Kim Bảng'),
(1638, 307, '40331104', 'Xã Bích Hào'),
(1639, 307, '40331105', 'Xã Đại Đồng'),
(1640, 307, '40331106', 'Xã Xuân Lâm'),
(1641, 308, '40315107', 'Xã Tam Quang'),
(1642, 308, '40315108', 'Xã Tam Thái'),
(1643, 308, '40315109', 'Xã Tương Dương'),
(1644, 308, '40315110', 'Xã Lượng Minh'),
(1645, 308, '40315111', 'Xã Yên Na'),
(1646, 308, '40315112', 'Xã Yên Hoà'),
(1647, 308, '40315113', 'Xã Nga My'),
(1648, 308, '40315114', 'Xã Hữu Khuông'),
(1649, 308, '40315115', 'Xã Nhôn Mai'),
(1650, 309, '40301116', 'Phường Trường Vinh'),
(1651, 309, '40301117', 'Phường Thành Vinh'),
(1652, 309, '40301118', 'Phường Vinh Hưng'),
(1653, 309, '40301119', 'Phường Vinh Phú'),
(1654, 309, '40301120', 'Phường Vinh Lộc'),
(1655, 309, '40301121', 'Phường Cửa Lò'),
(1656, 310, '40323122', 'Xã Yên Thành'),
(1657, 310, '40323123', 'Xã Quan Thành'),
(1658, 310, '40323124', 'Xã Hợp Minh'),
(1659, 310, '40323125', 'Xã Vân Tụ'),
(1660, 310, '40323126', 'Xã Vân Du'),
(1661, 310, '40323127', 'Xã Quang Đồng'),
(1662, 310, '40323128', 'Xã Giai Lạc'),
(1663, 310, '40323129', 'Xã Bình Minh'),
(1664, 310, '40323130', 'Xã Đông Thành'),
(1665, 311, '40520001', 'Phường Sông Trí'),
(1666, 311, '40520002', 'Phường Hải Ninh'),
(1667, 311, '40520003', 'Phường Hoành Sơn'),
(1668, 311, '40520004', 'Phường Vũng Áng'),
(1669, 312, '40519005', 'Xã Kỳ Xuân'),
(1670, 312, '40519006', 'Xã Kỳ Anh'),
(1671, 312, '40519007', 'Xã Kỳ Hoa'),
(1672, 312, '40519008', 'Xã Kỳ Văn'),
(1673, 312, '40519009', 'Xã Kỳ Khang'),
(1674, 312, '40519010', 'Xã Kỳ Lạc'),
(1675, 312, '40519011', 'Xã Kỳ Thượng'),
(1676, 313, '40515012', 'Xã Cẩm Xuyên'),
(1677, 313, '40515013', 'Xã Thiên Cầm'),
(1678, 313, '40515014', 'Xã Cẩm Duệ'),
(1679, 313, '40515015', 'Xã Cẩm Hưng'),
(1680, 313, '40515016', 'Xã Cẩm Lạc'),
(1681, 313, '40515017', 'Xã Cẩm Trung'),
(1682, 313, '40515018', 'Xã Yên Hoà'),
(1683, 314, '40501019', 'Phường Thành Sen'),
(1684, 314, '40501020', 'Phường Trần Phú'),
(1685, 314, '40501021', 'Phường Hà Huy Tập'),
(1686, 314, '40501022', 'Xã Thạch Lạc'),
(1687, 314, '40501023', 'Xã Đồng Tiến'),
(1688, 314, '40501024', 'Xã Thạch Khê'),
(1689, 314, '40501025', 'Xã Cẩm Bình'),
(1690, 315, '40513026', 'Xã Thạch Hà'),
(1691, 315, '40513027', 'Xã Toàn Lưu'),
(1692, 315, '40513028', 'Xã Việt Xuyên'),
(1693, 315, '40513029', 'Xã Đông Kinh'),
(1694, 315, '40513030', 'Xã Thạch Xuân'),
(1695, 315, '40513031', 'Xã Lộc Hà'),
(1696, 315, '40513032', 'Xã Hồng Lộc'),
(1697, 315, '40513033', 'Xã Mai Phụ'),
(1698, 316, '40511034', 'Xã Can Lộc'),
(1699, 316, '40511035', 'Xã Tùng Lộc'),
(1700, 316, '40511036', 'Xã Gia Hanh'),
(1701, 316, '40511037', 'Xã Trường Lưu'),
(1702, 316, '40511038', 'Xã Xuân Lộc'),
(1703, 316, '40511039', 'Xã Đồng Lộc'),
(1704, 317, '40503040', 'Phường Bắc Hồng Lĩnh'),
(1705, 317, '40503041', 'Phường Nam Hồng Lĩnh'),
(1706, 318, '40505042', 'Xã Tiên Điền'),
(1707, 318, '40505043', 'Xã Nghi Xuân'),
(1708, 318, '40505044', 'Xã Cổ Đạm'),
(1709, 318, '40505045', 'Xã Đan Hải'),
(1710, 319, '40507046', 'Xã Đức Thọ'),
(1711, 319, '40507047', 'Xã Đức Quang'),
(1712, 319, '40507048', 'Xã Đức Đồng'),
(1713, 319, '40507049', 'Xã Đức Thịnh'),
(1714, 319, '40507050', 'Xã Đức Minh'),
(1715, 320, '40509051', 'Xã Hương Sơn'),
(1716, 320, '40509052', 'Xã Sơn Tây'),
(1717, 320, '40509053', 'Xã Tứ Mỹ'),
(1718, 320, '40509054', 'Xã Sơn Giang'),
(1719, 320, '40509055', 'Xã Sơn Tiến'),
(1720, 320, '40509056', 'Xã Sơn Hồng'),
(1721, 320, '40509057', 'Xã Kim Hoa'),
(1722, 321, '40521058', 'Xã Vũ Quang'),
(1723, 321, '40521059', 'Xã Mai Hoa'),
(1724, 321, '40521060', 'Xã Thượng Đức'),
(1725, 322, '40517061', 'Xã Hương Khê'),
(1726, 322, '40517062', 'Xã Hương Phố'),
(1727, 322, '40517063', 'Xã Hương Đô'),
(1728, 322, '40517064', 'Xã Hà Linh'),
(1729, 322, '40517065', 'Xã Hương Bình'),
(1730, 322, '40517066', 'Xã Phúc Trạch'),
(1731, 322, '40517067', 'Xã Hương Xuân'),
(1732, 320, '40509068', 'Xã Sơn Kim 1'),
(1733, 320, '40509069', 'Xã Sơn Kim 2'),
(1734, 323, '40701001', 'Phường Đồng Hới'),
(1735, 323, '40701002', 'Phường Đồng Thuận'),
(1736, 323, '40701003', 'Phường Đồng Sơn'),
(1737, 324, '40715004', 'Xã Nam Gianh'),
(1738, 324, '40715005', 'Xã Nam Ba Đồn'),
(1739, 324, '40715006', 'Phường Ba Đồn'),
(1740, 324, '40715007', 'Phường Bắc Gianh'),
(1741, 325, '40705008', 'Xã Dân Hóa'),
(1742, 325, '40705009', 'Xã Kim Điền'),
(1743, 325, '40705010', 'Xã Kim Phú'),
(1744, 325, '40705011', 'Xã Minh Hóa'),
(1745, 325, '40705012', 'Xã Tân Thành'),
(1746, 326, '40703013', 'Xã Tuyên Lâm'),
(1747, 326, '40703014', 'Xã Tuyên Sơn'),
(1748, 326, '40703015', 'Xã Đồng Lê'),
(1749, 326, '40703016', 'Xã Tuyên Phú'),
(1750, 326, '40703017', 'Xã Tuyên Bình'),
(1751, 326, '40703018', 'Xã Tuyên Hóa'),
(1752, 327, '40707019', 'Xã Tân Gianh'),
(1753, 327, '40707020', 'Xã Trung Thuần'),
(1754, 327, '40707021', 'Xã Quảng Trạch'),
(1755, 327, '40707022', 'Xã Hoà Trạch'),
(1756, 327, '40707023', 'Xã Phú Trạch'),
(1757, 328, '40709024', 'Xã Thượng Trạch'),
(1758, 328, '40709025', 'Xã Phong Nha'),
(1759, 328, '40709026', 'Xã Bắc Trạch'),
(1760, 328, '40709027', 'Xã Đông Trạch'),
(1761, 328, '40709028', 'Xã Hoàn Lão'),
(1762, 328, '40709029', 'Xã Bố Trạch'),
(1763, 328, '40709030', 'Xã Nam Trạch'),
(1764, 329, '40711031', 'Xã Quảng Ninh'),
(1765, 329, '40711032', 'Xã Ninh Châu'),
(1766, 329, '40711033', 'Xã Trường Ninh'),
(1767, 329, '40711034', 'Xã Trường Sơn'),
(1768, 330, '40713035', 'Xã Lệ Thủy'),
(1769, 330, '40713036', 'Xã Cam Hồng'),
(1770, 330, '40713037', 'Xã Sen Ngư'),
(1771, 330, '40713038', 'Xã Tân Mỹ'),
(1772, 330, '40713039', 'Xã Trường Phú'),
(1773, 330, '40713040', 'Xã Lệ Ninh'),
(1774, 330, '40713041', 'Xã Kim Ngân'),
(1775, 331, '40901042', 'Phường Đông Hà'),
(1776, 331, '40901043', 'Phường Nam Đông Hà'),
(1777, 332, '40903044', 'Phường Quảng Trị'),
(1778, 333, '40905045', 'Xã Vĩnh Linh'),
(1779, 333, '40905046', 'Xã Cửa Tùng'),
(1780, 333, '40905047', 'Xã Vĩnh Hoàng'),
(1781, 333, '40905048', 'Xã Vĩnh Thủy'),
(1782, 333, '40905049', 'Xã Bến Quan'),
(1783, 334, '40907050', 'Xã Cồn Tiên'),
(1784, 334, '40907051', 'Xã Cửa Việt'),
(1785, 334, '40907052', 'Xã Gio Linh'),
(1786, 334, '40907053', 'Xã Bến Hải'),
(1787, 335, '40915054', 'Xã Hướng Lập'),
(1788, 335, '40915055', 'Xã Hướng Phùng'),
(1789, 335, '40915056', 'Xã Khe Sanh'),
(1790, 335, '40915057', 'Xã Tân Lập'),
(1791, 335, '40915058', 'Xã Lao Bảo'),
(1792, 335, '40915059', 'Xã Lìa'),
(1793, 335, '40915060', 'Xã A Dơi'),
(1794, 336, '40917061', 'Xã La Lay'),
(1795, 336, '40917062', 'Xã Tà Rụt'),
(1796, 336, '40917063', 'Xã Đakrông'),
(1797, 336, '40917064', 'Xã Ba Lòng'),
(1798, 336, '40917065', 'Xã Hướng Hiệp'),
(1799, 337, '40909066', 'Xã Cam Lộ'),
(1800, 337, '40909067', 'Xã Hiếu Giang'),
(1801, 338, '40911068', 'Xã Triệu Phong'),
(1802, 338, '40911069', 'Xã Ái Tử'),
(1803, 338, '40911070', 'Xã Triệu Bình'),
(1804, 338, '40911071', 'Xã Triệu Cơ'),
(1805, 338, '40911072', 'Xã Nam Cửa Việt'),
(1806, 339, '40913073', 'Xã Diên Sanh'),
(1807, 339, '40913074', 'Xã Mỹ Thủy'),
(1808, 339, '40913075', 'Xã Hải Lăng'),
(1809, 339, '40913076', 'Xã Vĩnh Định'),
(1810, 339, '40913077', 'Xã Nam Hải Lăng'),
(1811, 340, '40919078', 'Đặc khu Cồn Cỏ'),
(1812, 341, '41109001', 'Phường Thuận An'),
(1813, 342, '41119002', 'Phường Hóa Châu'),
(1814, 341, '41109003', 'Phường Mỹ Thượng'),
(1815, 343, '41101004', 'Phường Vỹ Dạ'),
(1816, 343, '41101005', 'Phường Thuận Hóa'),
(1817, 343, '41101006', 'Phường An Cựu'),
(1818, 343, '41101007', 'Phường Thủy Xuân'),
(1819, 342, '41119008', 'Phường Kim Long'),
(1820, 342, '41119009', 'Phường Hương An'),
(1821, 342, '41119010', 'Phường Phú Xuân'),
(1822, 344, '41107011', 'Phường Hương Trà'),
(1823, 344, '41107012', 'Phường Kim Trà'),
(1824, 345, '41111013', 'Phường Thanh Thủy'),
(1825, 345, '41111014', 'Phường Hương Thủy'),
(1826, 345, '41111015', 'Phường Phú Bài'),
(1827, 346, '41103016', 'Phường Phong Điền'),
(1828, 346, '41103017', 'Phường Phong Thái'),
(1829, 346, '41103018', 'Phường Phong Dinh'),
(1830, 346, '41103019', 'Phường Phong Phú'),
(1831, 347, '41105020', 'Phường Phong Quảng'),
(1832, 347, '41105021', 'Xã Đan Điền'),
(1833, 347, '41105022', 'Xã Quảng Điền'),
(1834, 341, '41109023', 'Xã Phú Vinh'),
(1835, 341, '41109024', 'Xã Phú Hồ'),
(1836, 341, '41109025', 'Xã Phú Vang'),
(1837, 348, '41113026', 'Xã Vinh Lộc'),
(1838, 348, '41113027', 'Xã Hưng Lộc'),
(1839, 348, '41113028', 'Xã Lộc An'),
(1840, 348, '41113029', 'Xã Phú Lộc'),
(1841, 348, '41113030', 'Xã Chân Mây – Lăng Cô'),
(1842, 348, '41113031', 'Xã Long Quảng'),
(1843, 348, '41113032', 'Xã Nam Đông'),
(1844, 348, '41113033', 'Xã Khe Tre'),
(1845, 344, '41107034', 'Xã Bình Điền'),
(1846, 349, '41115035', 'Xã A Lưới 1'),
(1847, 349, '41115036', 'Xã A Lưới 2'),
(1848, 349, '41115037', 'Xã A Lưới 3'),
(1849, 349, '41115038', 'Xã A Lưới 4'),
(1850, 349, '41115039', 'Xã A Lưới 5'),
(1851, 343, '41101040', 'Phường Dương Nỗ'),
(1852, 350, '50101001', 'Phường Hải Châu'),
(1853, 350, '50101002', 'Phường Hoà Cường'),
(1854, 351, '50103003', 'Phường Thanh Khê'),
(1855, 352, '50115004', 'Phường An Khê'),
(1856, 353, '50105005', 'Phường An Hải'),
(1857, 353, '50105006', 'Phường Sơn Trà'),
(1858, 354, '50107007', 'Phường Ngũ Hành Sơn'),
(1859, 355, '50109008', 'Phường Hoà Khánh'),
(1860, 355, '50109009', 'Phường Hải Vân'),
(1861, 355, '50109010', 'Phường Liên Chiểu'),
(1862, 352, '50115011', 'Phường Cẩm Lệ'),
(1863, 356, '50111012', 'Phường Hoà Xuân'),
(1864, 356, '50111013', 'Xã Hoà Vang'),
(1865, 356, '50111014', 'Xã Hoà Tiến'),
(1866, 356, '50111015', 'Xã Bà Nà'),
(1867, 357, '50113016', 'Đặc khu Hoàng Sa'),
(1868, 358, '50325017', 'Xã Núi Thành'),
(1869, 358, '50325018', 'Xã Tam Mỹ'),
(1870, 358, '50325019', 'Xã Tam Anh'),
(1871, 358, '50325020', 'Xã Đức Phú'),
(1872, 358, '50325021', 'Xã Tam Xuân'),
(1873, 358, '50325022', 'Xã Tam Hải'),
(1874, 359, '50301023', 'Phường Tam Kỳ'),
(1875, 359, '50301024', 'Phường Quảng Phú'),
(1876, 359, '50301025', 'Phường Hương Trà'),
(1877, 359, '50301026', 'Phường Bàn Thạch'),
(1878, 360, '50302027', 'Xã Tây Hồ'),
(1879, 360, '50302028', 'Xã Chiên Đàn'),
(1880, 360, '50302029', 'Xã Phú Ninh'),
(1881, 361, '50321030', 'Xã Lãnh Ngọc'),
(1882, 361, '50321031', 'Xã Tiên Phước'),
(1883, 361, '50321032', 'Xã Thạnh Bình'),
(1884, 361, '50321033', 'Xã Sơn Cẩm Hà'),
(1885, 362, '50327034', 'Xã Trà Liên'),
(1886, 362, '50327035', 'Xã Trà Giáp'),
(1887, 362, '50327036', 'Xã Trà Tân'),
(1888, 362, '50327037', 'Xã Trà Đốc'),
(1889, 362, '50327038', 'Xã Trà My'),
(1890, 363, '50329039', 'Xã Nam Trà My'),
(1891, 363, '50329040', 'Xã Trà Tập'),
(1892, 363, '50329041', 'Xã Trà Vân'),
(1893, 363, '50329042', 'Xã Trà Linh'),
(1894, 363, '50329043', 'Xã Trà Leng'),
(1895, 364, '50315044', 'Xã Thăng Bình'),
(1896, 364, '50315045', 'Xã Thăng An'),
(1897, 364, '50315046', 'Xã Thăng Trường'),
(1898, 364, '50315047', 'Xã Thăng Điền'),
(1899, 364, '50315048', 'Xã Thăng Phú'),
(1900, 364, '50315049', 'Xã Đồng Dương'),
(1901, 365, '50317050', 'Xã Quế Sơn Trung'),
(1902, 365, '50317051', 'Xã Quế Sơn'),
(1903, 365, '50317052', 'Xã Xuân Phú'),
(1904, 365, '50317053', 'Xã Nông Sơn'),
(1905, 365, '50317054', 'Xã Quế Phước'),
(1906, 366, '50311055', 'Xã Duy Nghĩa'),
(1907, 366, '50311056', 'Xã Nam Phước'),
(1908, 366, '50311057', 'Xã Duy Xuyên'),
(1909, 366, '50311058', 'Xã Thu Bồn'),
(1910, 367, '50309059', 'Phường Điện Bàn'),
(1911, 367, '50309060', 'Phường Điện Bàn Đông'),
(1912, 367, '50309061', 'Phường An Thắng'),
(1913, 367, '50309062', 'Phường Điện Bàn Bắc'),
(1914, 367, '50309063', 'Xã Điện Bàn Tây'),
(1915, 367, '50309064', 'Xã Gò Nổi'),
(1916, 368, '50303065', 'Phường Hội An'),
(1917, 368, '50303066', 'Phường Hội An Đông'),
(1918, 368, '50303067', 'Phường Hội An Tây'),
(1919, 368, '50303068', 'Xã Tân Hiệp'),
(1920, 369, '50307069', 'Xã Đại Lộc'),
(1921, 369, '50307070', 'Xã Hà Nha'),
(1922, 369, '50307071', 'Xã Thượng Đức'),
(1923, 369, '50307072', 'Xã Vu Gia'),
(1924, 369, '50307073', 'Xã Phú Thuận'),
(1925, 370, '50313074', 'Xã Thạnh Mỹ'),
(1926, 370, '50313075', 'Xã Bến Giằng'),
(1927, 370, '50313076', 'Xã Nam Giang'),
(1928, 370, '50313077', 'Xã Đắc Pring'),
(1929, 370, '50313078', 'Xã La Dêê'),
(1930, 370, '50313079', 'Xã La Êê'),
(1931, 371, '50305080', 'Xã Sông Vàng'),
(1932, 371, '50305081', 'Xã Sông Kôn'),
(1933, 371, '50305082', 'Xã Đông Giang'),
(1934, 371, '50305083', 'Xã Bến Hiên'),
(1935, 372, '50304084', 'Xã Avương'),
(1936, 372, '50304085', 'Xã Tây Giang'),
(1937, 372, '50304086', 'Xã Hùng Sơn'),
(1938, 373, '50319087', 'Xã Hiệp Đức'),
(1939, 373, '50319088', 'Xã Việt An'),
(1940, 373, '50319089', 'Xã Phước Trà'),
(1941, 374, '50323090', 'Xã Khâm Đức'),
(1942, 374, '50323091', 'Xã Phước Năng'),
(1943, 374, '50323092', 'Xã Phước Chánh'),
(1944, 374, '50323093', 'Xã Phước Thành'),
(1945, 374, '50323094', 'Xã Phước Hiệp'),
(1946, 375, '50501001', 'Xã Tịnh Khê'),
(1947, 375, '50501002', 'Phường Trương Quang Trọng'),
(1948, 375, '50501003', 'Xã An Phú'),
(1949, 375, '50501004', 'Phường Cẩm Thành'),
(1950, 375, '50501005', 'Phường Nghĩa Lộ'),
(1951, 376, '50523006', 'Phường Trà Câu'),
(1952, 376, '50523007', 'Xã Nguyễn Nghiêm'),
(1953, 376, '50523008', 'Phường Đức Phổ'),
(1954, 376, '50523009', 'Xã Khánh Cường'),
(1955, 376, '50523010', 'Phường Sa Huỳnh'),
(1956, 377, '50505011', 'Xã Bình Minh'),
(1957, 377, '50505012', 'Xã Bình Chương'),
(1958, 377, '50505013', 'Xã Bình Sơn'),
(1959, 377, '50505014', 'Xã Vạn Tường'),
(1960, 377, '50505015', 'Xã Đông Sơn'),
(1961, 378, '50509016', 'Xã Trường Giang'),
(1962, 378, '50509017', 'Xã Ba Gia'),
(1963, 378, '50509018', 'Xã Sơn Tịnh'),
(1964, 378, '50509019', 'Xã Thọ Phong'),
(1965, 379, '50515020', 'Xã Tư Nghĩa'),
(1966, 379, '50515021', 'Xã Vệ Giang'),
(1967, 379, '50515022', 'Xã Nghĩa Giang'),
(1968, 379, '50515023', 'Xã Trà Giang'),
(1969, 380, '50517024', 'Xã Nghĩa Hành'),
(1970, 380, '50517025', 'Xã Đình Cương'),
(1971, 380, '50517026', 'Xã Thiện Tín'),
(1972, 380, '50517027', 'Xã Phước Giang'),
(1973, 381, '50521028', 'Xã Long Phụng'),
(1974, 381, '50521029', 'Xã Mỏ Cày'),
(1975, 381, '50521030', 'Xã Mộ Đức'),
(1976, 381, '50521031', 'Xã Lân Phong'),
(1977, 382, '50507032', 'Xã Trà Bồng'),
(1978, 382, '50507033', 'Xã Đông Trà Bồng'),
(1979, 382, '50507034', 'Xã Tây Trà'),
(1980, 382, '50507035', 'Xã Thanh Bồng'),
(1981, 382, '50507036', 'Xã Cà Đam'),
(1982, 382, '50507037', 'Xã Tây Trà Bồng'),
(1983, 383, '50513038', 'Xã Sơn Hạ'),
(1984, 383, '50513039', 'Xã Sơn Linh'),
(1985, 383, '50513040', 'Xã Sơn Hà'),
(1986, 383, '50513041', 'Xã Sơn Thủy'),
(1987, 383, '50513042', 'Xã Sơn Kỳ'),
(1988, 384, '50511043', 'Xã Sơn Tây'),
(1989, 384, '50511044', 'Xã Sơn Tây Thượng'),
(1990, 384, '50511045', 'Xã Sơn Tây Hạ'),
(1991, 385, '50519046', 'Xã Minh Long'),
(1992, 385, '50519047', 'Xã Sơn Mai'),
(1993, 386, '50525048', 'Xã Ba Vì'),
(1994, 386, '50525049', 'Xã Ba Tô'),
(1995, 386, '50525050', 'Xã Ba Dinh'),
(1996, 386, '50525051', 'Xã Ba Tơ'),
(1997, 386, '50525052', 'Xã Ba Vinh'),
(1998, 386, '50525053', 'Xã Ba Động'),
(1999, 386, '50525054', 'Xã Đặng Thùy Trâm'),
(2000, 386, '50525055', 'Xã Ba Xa'),
(2001, 387, '50503056', 'Đặc khu Lý Sơn'),
(2002, 388, '60101057', 'Phường Kon Tum'),
(2003, 388, '60101058', 'Phường Đăk Cấm'),
(2004, 388, '60101059', 'Phường Đăk BLa'),
(2005, 388, '60101060', 'Xã Ngọk Bay'),
(2006, 388, '60101061', 'Xã Ia Chim'),
(2007, 388, '60101062', 'Xã Đăk Rơ Wa'),
(2008, 389, '60111063', 'Xã Đăk Pxi'),
(2009, 389, '60111064', 'Xã Đăk Mar'),
(2010, 389, '60111065', 'Xã Đăk Ui'),
(2011, 389, '60111066', 'Xã Ngọk Réo'),
(2012, 389, '60111067', 'Xã Đăk Hà'),
(2013, 390, '60107068', 'Xã Ngọk Tụ'),
(2014, 390, '60107069', 'Xã Đăk Tô'),
(2015, 390, '60107070', 'Xã Kon Đào'),
(2016, 391, '60115071', 'Xã Đăk Sao'),
(2017, 391, '60115072', 'Xã Đăk Tờ Kan'),
(2018, 391, '60115073', 'Xã Tu Mơ Rông'),
(2019, 391, '60115074', 'Xã Măng Ri'),
(2020, 392, '60105075', 'Xã Bờ Y'),
(2021, 392, '60105076', 'Xã Sa Loong'),
(2022, 392, '60105077', 'Xã Dục Nông'),
(2023, 393, '60103078', 'Xã Xốp'),
(2024, 393, '60103079', 'Xã Ngọc Linh'),
(2025, 393, '60103080', 'Xã Đăk Plô'),
(2026, 393, '60103081', 'Xã Đăk Pék'),
(2027, 393, '60103082', 'Xã Đăk Môn'),
(2028, 394, '60113083', 'Xã Sa Thầy'),
(2029, 394, '60113084', 'Xã Sa Bình'),
(2030, 394, '60113085', 'Xã Ya Ly'),
(2031, 395, '60114086', 'Xã Ia Tơi'),
(2032, 396, '60108087', 'Xã Đăk Kôi'),
(2033, 396, '60108088', 'Xã Kon Braih'),
(2034, 396, '60108089', 'Xã Đăk Rve'),
(2035, 397, '60109090', 'Xã Măng Đen'),
(2036, 397, '60109091', 'Xã Măng Bút'),
(2037, 397, '60109092', 'Xã Kon Plông'),
(2038, 393, '60103093', 'Xã Đăk Long'),
(2039, 394, '60113094', 'Xã Rờ Kơi'),
(2040, 394, '60113095', 'Xã Mô Rai'),
(2041, 395, '60114096', 'Xã Ia Đal'),
(2042, 398, '51101001', 'Phường Nha Trang'),
(2043, 398, '51101002', 'Phường Bắc Nha Trang'),
(2044, 398, '51101003', 'Phường Tây Nha Trang'),
(2045, 398, '51101004', 'Phường Nam Nha Trang'),
(2046, 399, '51109005', 'Phường Bắc Cam Ranh'),
(2047, 399, '51109006', 'Phường Cam Ranh'),
(2048, 399, '51109007', 'Phường Cam Linh'),
(2049, 399, '51109008', 'Phường Ba Ngòi'),
(2050, 399, '51109009', 'Xã Nam Cam Ranh'),
(2051, 400, '51105010', 'Xã Bắc Ninh Hoà'),
(2052, 400, '51105011', 'Phường Ninh Hoà'),
(2053, 400, '51105012', 'Xã Tân Định'),
(2054, 400, '51105013', 'Phường Đông Ninh Hoà'),
(2055, 400, '51105014', 'Phường Hoà Thắng'),
(2056, 400, '51105015', 'Xã Nam Ninh Hoà'),
(2057, 400, '51105016', 'Xã Tây Ninh Hoà'),
(2058, 400, '51105017', 'Xã Hoà Trí'),
(2059, 401, '51103018', 'Xã Đại Lãnh'),
(2060, 401, '51103019', 'Xã Tu Bông'),
(2061, 401, '51103020', 'Xã Vạn Thắng'),
(2062, 401, '51103021', 'Xã Vạn Ninh'),
(2063, 401, '51103022', 'Xã Vạn Hưng'),
(2064, 402, '51107023', 'Xã Diên Khánh'),
(2065, 402, '51107024', 'Xã Diên Lạc'),
(2066, 402, '51107025', 'Xã Diên Điền'),
(2067, 402, '51107026', 'Xã Diên Lâm'),
(2068, 402, '51107027', 'Xã Diên Thọ'),
(2069, 402, '51107028', 'Xã Suối Hiệp'),
(2070, 403, '51117029', 'Xã Cam Lâm'),
(2071, 403, '51117030', 'Xã Suối Dầu'),
(2072, 403, '51117031', 'Xã Cam Hiệp'),
(2073, 403, '51117032', 'Xã Cam An'),
(2074, 404, '51111033', 'Xã Bắc Khánh Vĩnh'),
(2075, 404, '51111034', 'Xã Trung Khánh Vĩnh'),
(2076, 404, '51111035', 'Xã Tây Khánh Vĩnh'),
(2077, 404, '51111036', 'Xã Nam Khánh Vĩnh'),
(2078, 404, '51111037', 'Xã Khánh Vĩnh'),
(2079, 405, '51113038', 'Xã Khánh Sơn'),
(2080, 405, '51113039', 'Xã Tây Khánh Sơn'),
(2081, 405, '51113040', 'Xã Đông Khánh Sơn'),
(2082, 406, '51115041', 'Đặc khu Trường Sa'),
(2083, 407, '70501042', 'Phường Phan Rang'),
(2084, 407, '70501043', 'Phường Đông Hải'),
(2085, 408, '70505044', 'Phường Ninh Chử'),
(2086, 407, '70501045', 'Phường Bảo An'),
(2087, 407, '70501046', 'Phường Đô Vinh'),
(2088, 409, '70507047', 'Xã Ninh Phước'),
(2089, 409, '70507048', 'Xã Phước Hữu'),
(2090, 409, '70507049', 'Xã Phước Hậu'),
(2091, 410, '70513050', 'Xã Thuận Nam'),
(2092, 410, '70513051', 'Xã Cà Ná'),
(2093, 410, '70513052', 'Xã Phước Hà'),
(2094, 410, '70513053', 'Xã Phước Dinh'),
(2095, 408, '70505054', 'Xã Ninh Hải'),
(2096, 408, '70505055', 'Xã Xuân Hải'),
(2097, 408, '70505056', 'Xã Vĩnh Hải'),
(2098, 411, '70511057', 'Xã Thuận Bắc'),
(2099, 411, '70511058', 'Xã Công Hải'),
(2100, 412, '70503059', 'Xã Ninh Sơn'),
(2101, 412, '70503060', 'Xã Lâm Sơn'),
(2102, 412, '70503061', 'Xã Anh Dũng'),
(2103, 412, '70503062', 'Xã Mỹ Sơn'),
(2104, 413, '70509063', 'Xã Bác Ái Đông'),
(2105, 413, '70509064', 'Xã Bác Ái'),
(2106, 413, '70509065', 'Xã Bác Ái Tây'),
(2107, 414, '50701001', 'Phường Quy Nhơn'),
(2108, 414, '50701002', 'Phường Quy Nhơn Đông'),
(2109, 414, '50701003', 'Phường Quy Nhơn Tây'),
(2110, 414, '50701004', 'Phường Quy Nhơn Nam'),
(2111, 414, '50701005', 'Phường Quy Nhơn Bắc'),
(2112, 415, '50717006', 'Phường Bình Định'),
(2113, 415, '50717007', 'Phường An Nhơn'),
(2114, 415, '50717008', 'Phường An Nhơn Đông'),
(2115, 415, '50717009', 'Phường An Nhơn Nam'),
(2116, 415, '50717010', 'Phường An Nhơn Bắc'),
(2117, 415, '50717011', 'Xã An Nhơn Tây'),
(2118, 416, '50705012', 'Phường Bồng Sơn'),
(2119, 416, '50705013', 'Phường Hoài Nhơn'),
(2120, 416, '50705014', 'Phường Tam Quan'),
(2121, 416, '50705015', 'Phường Hoài Nhơn Đông'),
(2122, 416, '50705016', 'Phường Hoài Nhơn Tây'),
(2123, 416, '50705017', 'Phường Hoài Nhơn Nam'),
(2124, 416, '50705018', 'Phường Hoài Nhơn Bắc'),
(2125, 417, '50713019', 'Xã Phù Cát'),
(2126, 417, '50713020', 'Xã Xuân An'),
(2127, 417, '50713021', 'Xã Ngô Mây'),
(2128, 417, '50713022', 'Xã Cát Tiến'),
(2129, 417, '50713023', 'Xã Đề Gi'),
(2130, 417, '50713024', 'Xã Hoà Hội'),
(2131, 417, '50713025', 'Xã Hội Sơn'),
(2132, 418, '50709026', 'Xã Phù Mỹ'),
(2133, 418, '50709027', 'Xã An Lương'),
(2134, 418, '50709028', 'Xã Bình Dương'),
(2135, 418, '50709029', 'Xã Phù Mỹ Đông'),
(2136, 418, '50709030', 'Xã Phù Mỹ Tây'),
(2137, 418, '50709031', 'Xã Phù Mỹ Nam'),
(2138, 418, '50709032', 'Xã Phù Mỹ Bắc'),
(2139, 419, '50719033', 'Xã Tuy Phước'),
(2140, 419, '50719034', 'Xã Tuy Phước Đông'),
(2141, 419, '50719035', 'Xã Tuy Phước Tây'),
(2142, 419, '50719036', 'Xã Tuy Phước Bắc'),
(2143, 420, '50715037', 'Xã Tây Sơn'),
(2144, 420, '50715038', 'Xã Bình Khê'),
(2145, 420, '50715039', 'Xã Bình Phú'),
(2146, 420, '50715040', 'Xã Bình Hiệp'),
(2147, 420, '50715041', 'Xã Bình An'),
(2148, 421, '50707042', 'Xã Hoài Ân'),
(2149, 421, '50707043', 'Xã Ân Tường'),
(2150, 421, '50707044', 'Xã Kim Sơn'),
(2151, 421, '50707045', 'Xã Vạn Đức'),
(2152, 421, '50707046', 'Xã Ân Hảo'),
(2153, 422, '50721047', 'Xã Vân Canh'),
(2154, 422, '50721048', 'Xã Canh Vinh'),
(2155, 422, '50721049', 'Xã Canh Liên'),
(2156, 423, '50711050', 'Xã Vĩnh Thạnh'),
(2157, 423, '50711051', 'Xã Vĩnh Thịnh'),
(2158, 423, '50711052', 'Xã Vĩnh Quang'),
(2159, 423, '50711053', 'Xã Vĩnh Sơn'),
(2160, 424, '50703054', 'Xã An Hoà'),
(2161, 424, '50703055', 'Xã An Lão'),
(2162, 424, '50703056', 'Xã An Vinh'),
(2163, 424, '50703057', 'Xã An Toàn'),
(2164, 425, '60301058', 'Phường Pleiku'),
(2165, 425, '60301059', 'Phường Hội Phú'),
(2166, 425, '60301060', 'Phường Thống Nhất'),
(2167, 425, '60301061', 'Phường Diên Hồng'),
(2168, 425, '60301062', 'Phường An Phú'),
(2169, 425, '60301063', 'Xã Biển Hồ'),
(2170, 425, '60301064', 'Xã Gào'),
(2171, 426, '60307065', 'Xã Ia Ly'),
(2172, 426, '60307066', 'Xã Chư Păh'),
(2173, 426, '60307067', 'Xã Ia Khươl'),
(2174, 426, '60307068', 'Xã Ia Phí'),
(2175, 427, '60317069', 'Xã Chư Prông'),
(2176, 427, '60317070', 'Xã Bàu Cạn'),
(2177, 427, '60317071', 'Xã Ia Boòng'),
(2178, 427, '60317072', 'Xã Ia Lâu'),
(2179, 427, '60317073', 'Xã Ia Pia'),
(2180, 427, '60317074', 'Xã Ia Tôr'),
(2181, 428, '60319075', 'Xã Chư Sê'),
(2182, 428, '60319076', 'Xã Bờ Ngoong'),
(2183, 428, '60319077', 'Xã Ia Ko'),
(2184, 428, '60319078', 'Xã Albá'),
(2185, 429, '60331079', 'Xã Chư Pưh'),
(2186, 429, '60331080', 'Xã Ia Le'),
(2187, 429, '60331081', 'Xã Ia Hrú'),
(2188, 430, '60311082', 'Phường An Khê'),
(2189, 430, '60311083', 'Phường An Bình'),
(2190, 430, '60311084', 'Xã Cửu An'),
(2191, 431, '60327085', 'Xã Đak Pơ'),
(2192, 431, '60327086', 'Xã Ya Hội'),
(2193, 432, '60303087', 'Xã Kbang'),
(2194, 432, '60303088', 'Xã Kông Bơ La'),
(2195, 432, '60303089', 'Xã Tơ Tung'),
(2196, 432, '60303090', 'Xã Sơn Lang'),
(2197, 432, '60303091', 'Xã Đak Rong'),
(2198, 433, '60313092', 'Xã Kông Chro'),
(2199, 433, '60313093', 'Xã Ya Ma'),
(2200, 433, '60313094', 'Xã Chư Krey'),
(2201, 433, '60313095', 'Xã SRó'),
(2202, 433, '60313096', 'Xã Đăk Song'),
(2203, 433, '60313097', 'Xã Chơ Long'),
(2204, 434, '60321098', 'Phường Ayun Pa'),
(2205, 434, '60321099', 'Xã Ia Rbol'),
(2206, 434, '60321100', 'Xã Ia Sao'),
(2207, 435, '60329101', 'Xã Phú Thiện'),
(2208, 435, '60329102', 'Xã Chư A Thai'),
(2209, 435, '60329103', 'Xã Ia Hiao'),
(2210, 436, '60320104', 'Xã Pờ Tó'),
(2211, 436, '60320105', 'Xã Ia Pa'),
(2212, 436, '60320106', 'Xã Ia Tul'),
(2213, 437, '60323107', 'Xã Phú Túc'),
(2214, 437, '60323108', 'Xã Ia Dreh'),
(2215, 437, '60323109', 'Xã Ia Rsai'),
(2216, 437, '60323110', 'Xã Uar'),
(2217, 438, '60325111', 'Xã Đak Đoa'),
(2218, 438, '60325112', 'Xã Kon Gang'),
(2219, 438, '60325113', 'Xã Ia Băng'),
(2220, 438, '60325114', 'Xã KDang'),
(2221, 438, '60325115', 'Xã Đak Sơmei'),
(2222, 439, '60305116', 'Xã Mang Yang'),
(2223, 439, '60305117', 'Xã Lơ Pang'),
(2224, 439, '60305118', 'Xã Kon Chiêng'),
(2225, 439, '60305119', 'Xã Hra'),
(2226, 439, '60305120', 'Xã Ayun'),
(2227, 440, '60309121', 'Xã Ia Grai'),
(2228, 440, '60309122', 'Xã Ia Krái'),
(2229, 440, '60309123', 'Xã Ia Hrung'),
(2230, 441, '60315124', 'Xã Đức Cơ'),
(2231, 441, '60315125', 'Xã Ia Dơk'),
(2232, 441, '60315126', 'Xã Ia Krêl'),
(2233, 414, '50701127', 'Xã Nhơn Châu'),
(2234, 427, '60317128', 'Xã Ia Púch'),
(2235, 427, '60317129', 'Xã Ia Mơ'),
(2236, 441, '60315130', 'Xã Ia Pnôn'),
(2237, 441, '60315131', 'Xã Ia Nan'),
(2238, 441, '60315132', 'Xã Ia Dom'),
(2239, 440, '60309133', 'Xã Ia Chia'),
(2240, 440, '60309134', 'Xã Ia O'),
(2241, 432, '60303135', 'Xã Krong'),
(2242, 442, '60501001', 'Xã Hoà Phú'),
(2243, 442, '60501002', 'Phường Buôn Ma Thuột'),
(2244, 442, '60501003', 'Phường Tân An'),
(2245, 442, '60501004', 'Phường Tân Lập'),
(2246, 442, '60501005', 'Phường Thành Nhất'),
(2247, 442, '60501006', 'Phường Ea Kao'),
(2248, 443, '60509007', 'Xã Ea Drông'),
(2249, 443, '60509008', 'Phường Buôn Hồ'),
(2250, 443, '60509009', 'Phường Cư Bao'),
(2251, 444, '60505010', 'Xã Ea Súp'),
(2252, 444, '60505011', 'Xã Ea Rốk'),
(2253, 444, '60505012', 'Xã Ea Bung'),
(2254, 444, '60505013', 'Xã Ia Rvê'),
(2255, 444, '60505014', 'Xã Ia Lốp'),
(2256, 445, '60511015', 'Xã Ea Wer'),
(2257, 445, '60511016', 'Xã Ea Nuôl'),
(2258, 445, '60511017', 'Xã Buôn Đôn'),
(2259, 446, '60513018', 'Xã Ea Kiết'),
(2260, 446, '60513019', 'Xã Ea M’Droh'),
(2261, 446, '60513020', 'Xã Quảng Phú'),
(2262, 446, '60513021', 'Xã Cuôr Đăng'),
(2263, 446, '60513022', 'Xã Cư M’gar'),
(2264, 446, '60513023', 'Xã Ea Tul'),
(2265, 447, '60539024', 'Xã Pơng Drang'),
(2266, 447, '60539025', 'Xã Krông Búk'),
(2267, 447, '60539026', 'Xã Cư Pơng'),
(2268, 448, '60503027', 'Xã Ea Khăl'),
(2269, 448, '60503028', 'Xã Ea Drăng'),
(2270, 448, '60503029', 'Xã Ea Wy'),
(2271, 448, '60503030', 'Xã Ea H’leo'),
(2272, 448, '60503031', 'Xã Ea Hiao'),
(2273, 449, '60507032', 'Xã Krông Năng'),
(2274, 449, '60507033', 'Xã Dliê Ya'),
(2275, 449, '60507034', 'Xã Tam Giang'),
(2276, 449, '60507035', 'Xã Phú Xuân'),
(2277, 450, '60519036', 'Xã Krông Pắc'),
(2278, 450, '60519037', 'Xã Ea Knuếc'),
(2279, 450, '60519038', 'Xã Tân Tiến'),
(2280, 450, '60519039', 'Xã Ea Phê'),
(2281, 450, '60519040', 'Xã Ea Kly'),
(2282, 450, '60519041', 'Xã Vụ Bổn'),
(2283, 451, '60515042', 'Xã Ea Kar'),
(2284, 451, '60515043', 'Xã Ea Ô'),
(2285, 451, '60515044', 'Xã Ea Knốp'),
(2286, 451, '60515045', 'Xã Cư Yang'),
(2287, 451, '60515046', 'Xã Ea Păl'),
(2288, 452, '60517047', 'Xã M’Drắk'),
(2289, 452, '60517048', 'Xã Ea Riêng'),
(2290, 452, '60517049', 'Xã Cư M’ta'),
(2291, 452, '60517050', 'Xã Krông Á'),
(2292, 452, '60517051', 'Xã Cư Prao'),
(2293, 452, '60517052', 'Xã Ea Trang'),
(2294, 453, '60525053', 'Xã Hoà Sơn'),
(2295, 453, '60525054', 'Xã Dang Kang'),
(2296, 453, '60525055', 'Xã Krông Bông'),
(2297, 453, '60525056', 'Xã Yang Mao'),
(2298, 453, '60525057', 'Xã Cư Pui'),
(2299, 454, '60531058', 'Xã Liên Sơn Lắk'),
(2300, 454, '60531059', 'Xã Đắk Liêng'),
(2301, 454, '60531060', 'Xã Nam Ka'),
(2302, 454, '60531061', 'Xã Đắk Phơi'),
(2303, 454, '60531062', 'Xã Krông Nô'),
(2304, 455, '60537063', 'Xã Ea Ning'),
(2305, 455, '60537064', 'Xã Dray Bhăng'),
(2306, 455, '60537065', 'Xã Ea Ktur'),
(2307, 456, '60523066', 'Xã Krông Ana'),
(2308, 456, '60523067', 'Xã Dur Kmăl'),
(2309, 456, '60523068', 'Xã Ea Na'),
(2310, 457, '50901069', 'Phường Tuy Hòa'),
(2311, 457, '50901070', 'Phường Phú Yên'),
(2312, 457, '50901071', 'Phường Bình Kiến'),
(2313, 458, '50905072', 'Xã Xuân Thọ'),
(2314, 458, '50905073', 'Xã Xuân Cảnh'),
(2315, 458, '50905074', 'Xã Xuân Lộc'),
(2316, 458, '50905075', 'Phường Xuân Đài'),
(2317, 458, '50905076', 'Phường Sông Cầu'),
(2318, 459, '50911077', 'Xã Hòa Xuân'),
(2319, 459, '50911078', 'Phường Đông Hòa'),
(2320, 459, '50911079', 'Phường Hòa Hiệp'),
(2321, 460, '50907080', 'Xã Tuy An Bắc'),
(2322, 460, '50907081', 'Xã Tuy An Đông'),
(2323, 460, '50907082', 'Xã Ô Loan'),
(2324, 460, '50907083', 'Xã Tuy An Nam'),
(2325, 460, '50907084', 'Xã Tuy An Tây'),
(2326, 461, '50915085', 'Xã Phú Hòa 1'),
(2327, 461, '50915086', 'Xã Phú Hòa 2'),
(2328, 462, '50912087', 'Xã Tây Hòa'),
(2329, 462, '50912088', 'Xã Hòa Thịnh'),
(2330, 462, '50912089', 'Xã Hòa Mỹ'),
(2331, 462, '50912090', 'Xã Sơn Thành'),
(2332, 463, '50909091', 'Xã Sơn Hòa'),
(2333, 463, '50909092', 'Xã Vân Hòa'),
(2334, 463, '50909093', 'Xã Tây Sơn'),
(2335, 463, '50909094', 'Xã Suối Trai'),
(2336, 464, '50913095', 'Xã Ea Ly'),
(2337, 464, '50913096', 'Xã Ea Bá'),
(2338, 464, '50913097', 'Xã Đức Bình'),
(2339, 464, '50913098', 'Xã Sông Hinh'),
(2340, 465, '50903099', 'Xã Xuân Lãnh'),
(2341, 465, '50903100', 'Xã Phú Mỡ'),
(2342, 465, '50903101', 'Xã Xuân Phước'),
(2343, 465, '50903102', 'Xã Đồng Xuân'),
(2344, 466, '70301001', 'Phường Xuân Hương - Đà Lạt'),
(2345, 466, '70301002', 'Phường Cam Ly - Đà Lạt'),
(2346, 466, '70301003', 'Phường Lâm Viên - Đà Lạt'),
(2347, 466, '70301004', 'Phường Xuân Trường - Đà Lạt'),
(2348, 467, '70305005', 'Phường Langbiang - Đà Lạt'),
(2349, 468, '70303006', 'Phường 1 Bảo Lộc'),
(2350, 468, '70303007', 'Phường 2 Bảo Lộc'),
(2351, 468, '70303008', 'Phường 3 Bảo Lộc'),
(2352, 468, '70303009', 'Phường B’Lao'),
(2353, 467, '70305010', 'Xã Lạc Dương'),
(2354, 469, '70307011', 'Xã Đơn Dương'),
(2355, 469, '70307012', 'Xã Ka Đô'),
(2356, 469, '70307013', 'Xã Quảng Lập'),
(2357, 469, '70307014', 'Xã D’Ran'),
(2358, 470, '70309015', 'Xã Hiệp Thạnh'),
(2359, 470, '70309016', 'Xã Đức Trọng'),
(2360, 470, '70309017', 'Xã Tân Hội'),
(2361, 470, '70309018', 'Xã Tà Hine'),
(2362, 470, '70309019', 'Xã Tà Năng'),
(2363, 471, '70311020', 'Xã Đinh Văn - Lâm Hà'),
(2364, 471, '70311021', 'Xã Phú Sơn - Lâm Hà'),
(2365, 471, '70311022', 'Xã Nam Hà - Lâm Hà'),
(2366, 471, '70311023', 'Xã Nam Ban - Lâm Hà'),
(2367, 471, '70311024', 'Xã Tân Hà - Lâm Hà'),
(2368, 471, '70311025', 'Xã Phúc Thọ - Lâm Hà'),
(2369, 472, '70323026', 'Xã Đam Rông 1'),
(2370, 472, '70323027', 'Xã Đam Rông 2'),
(2371, 472, '70323028', 'Xã Đam Rông 3'),
(2372, 472, '70323029', 'Xã Đam Rông 4'),
(2373, 473, '70315030', 'Xã Di Linh'),
(2374, 473, '70315031', 'Xã Hoà Ninh'),
(2375, 473, '70315032', 'Xã Hoà Bắc'),
(2376, 473, '70315033', 'Xã Đinh Trang Thượng'),
(2377, 473, '70315034', 'Xã Bảo Thuận'),
(2378, 473, '70315035', 'Xã Sơn Điền'),
(2379, 473, '70315036', 'Xã Gia Hiệp'),
(2380, 474, '70313037', 'Xã Bảo Lâm 1'),
(2381, 474, '70313038', 'Xã Bảo Lâm 2'),
(2382, 474, '70313039', 'Xã Bảo Lâm 3'),
(2383, 474, '70313040', 'Xã Bảo Lâm 4'),
(2384, 474, '70313041', 'Xã Bảo Lâm 5'),
(2385, 475, '70317042', 'Xã Đạ Huoai'),
(2386, 475, '70317043', 'Xã Đạ Huoai 2'),
(2387, 475, '70317044', 'Xã Đạ Huoai 3'),
(2388, 475, '70317045', 'Xã Đạ Tẻh'),
(2389, 475, '70317046', 'Xã Đạ Tẻh 2'),
(2390, 475, '70317047', 'Xã Đạ Tẻh 3'),
(2391, 475, '70317048', 'Xã Cát Tiên'),
(2392, 475, '70317049', 'Xã Cát Tiên 2'),
(2393, 475, '70317050', 'Xã Cát Tiên 3'),
(2394, 476, '71501051', 'Phường Hàm Thắng'),
(2395, 476, '71501052', 'Phường Bình Thuận'),
(2396, 476, '71501053', 'Phường Mũi Né'),
(2397, 476, '71501054', 'Phường Phú Thuỷ'),
(2398, 476, '71501055', 'Phường Phan Thiết'),
(2399, 476, '71501056', 'Phường Tiến Thành'),
(2400, 477, '71513057', 'Phường La Gi'),
(2401, 477, '71513058', 'Phường Phước Hội'),
(2402, 476, '71501059', 'Xã Tuyên Quang'),
(2403, 477, '71513060', 'Xã Tân Hải'),
(2404, 478, '71503061', 'Xã Vĩnh Hảo'),
(2405, 478, '71503062', 'Xã Liên Hương'),
(2406, 478, '71503063', 'Xã Tuy Phong'),
(2407, 478, '71503064', 'Xã Phan Rí Cửa'),
(2408, 479, '71505065', 'Xã Bắc Bình'),
(2409, 479, '71505066', 'Xã Hồng Thái'),
(2410, 479, '71505067', 'Xã Hải Ninh'),
(2411, 479, '71505068', 'Xã Phan Sơn'),
(2412, 479, '71505069', 'Xã Sông Lũy'),
(2413, 479, '71505070', 'Xã Lương Sơn'),
(2414, 479, '71505071', 'Xã Hoà Thắng'),
(2415, 480, '71507072', 'Xã Đông Giang'),
(2416, 480, '71507073', 'Xã La Dạ'),
(2417, 480, '71507074', 'Xã Hàm Thuận Bắc'),
(2418, 480, '71507075', 'Xã Hàm Thuận'),
(2419, 480, '71507076', 'Xã Hồng Sơn'),
(2420, 480, '71507077', 'Xã Hàm Liêm'),
(2421, 481, '71509078', 'Xã Hàm Thạnh'),
(2422, 481, '71509079', 'Xã Hàm Kiệm'),
(2423, 481, '71509080', 'Xã Tân Thành'),
(2424, 481, '71509081', 'Xã Hàm Thuận Nam'),
(2425, 481, '71509082', 'Xã Tân Lập'),
(2426, 482, '71514083', 'Xã Tân Minh'),
(2427, 482, '71514084', 'Xã Hàm Tân'),
(2428, 482, '71514085', 'Xã Sơn Mỹ'),
(2429, 483, '71511086', 'Xã Bắc Ruộng'),
(2430, 483, '71511087', 'Xã Nghị Đức'),
(2431, 483, '71511088', 'Xã Đồng Kho'),
(2432, 483, '71511089', 'Xã Tánh Linh'),
(2433, 483, '71511090', 'Xã Suối Kiết'),
(2434, 484, '71515091', 'Xã Nam Thành'),
(2435, 484, '71515092', 'Xã Đức Linh'),
(2436, 484, '71515093', 'Xã Hoài Đức'),
(2437, 484, '71515094', 'Xã Trà Tân'),
(2438, 485, '71517095', 'Đặc khu Phú Quý'),
(2439, 486, '60613096', 'Phường Bắc Gia Nghĩa'),
(2440, 486, '60613097', 'Phường Nam Gia Nghĩa'),
(2441, 486, '60613098', 'Phường Đông Gia Nghĩa'),
(2442, 487, '60603099', 'Xã Đắk Wil'),
(2443, 487, '60603100', 'Xã Nam Dong'),
(2444, 487, '60603101', 'Xã Cư Jút'),
(2445, 488, '60607102', 'Xã Thuận An'),
(2446, 488, '60607103', 'Xã Đức Lập'),
(2447, 488, '60607104', 'Xã Đắk Mil'),
(2448, 488, '60607105', 'Xã Đắk Sắk'),
(2449, 489, '60605106', 'Xã Nam Đà'),
(2450, 489, '60605107', 'Xã Krông Nô'),
(2451, 489, '60605108', 'Xã Nâm Nung'),
(2452, 489, '60605109', 'Xã Quảng Phú'),
(2453, 490, '60609110', 'Xã Đắk song'),
(2454, 490, '60609111', 'Xã Đức An'),
(2455, 490, '60609112', 'Xã Thuận Hạnh'),
(2456, 490, '60609113', 'Xã Trường Xuân'),
(2457, 491, '60615114', 'Xã Tà Đùng'),
(2458, 491, '60615115', 'Xã Quảng Khê'),
(2459, 492, '60617116', 'Xã Quảng Tân'),
(2460, 492, '60617117', 'Xã Tuy Đức'),
(2461, 493, '60611118', 'Xã Kiến Đức'),
(2462, 493, '60611119', 'Xã Nhân Cơ'),
(2463, 493, '60611120', 'Xã Quảng Tín'),
(2464, 470, '70309121', 'Xã Ninh Gia'),
(2465, 491, '60615122', 'Xã Quảng Hoà'),
(2466, 491, '60615123', 'Xã Quảng Sơn'),
(2467, 492, '60617124', 'Xã Quảng Trực'),
(2468, 494, '80103001', 'Xã Hưng Điền'),
(2469, 494, '80103002', 'Xã Vĩnh Thạnh'),
(2470, 494, '80103003', 'Xã Tân Hưng'),
(2471, 494, '80103004', 'Xã Vĩnh Châu'),
(2472, 495, '80105005', 'Xã Tuyên Bình'),
(2473, 495, '80105006', 'Xã Vĩnh Hưng'),
(2474, 495, '80105007', 'Xã Khánh Hưng'),
(2475, 496, '80129008', 'Xã Tuyên Thạnh'),
(2476, 496, '80129009', 'Xã Bình Hiệp'),
(2477, 496, '80129010', 'Phường Kiến Tường'),
(2478, 497, '80107011', 'Xã Bình Hoà'),
(2479, 497, '80107012', 'Xã Mộc Hoá'),
(2480, 498, '80109013', 'Xã Hậu Thạnh'),
(2481, 498, '80109014', 'Xã Nhơn Hoà Lập'),
(2482, 498, '80109015', 'Xã Nhơn Ninh'),
(2483, 498, '80109016', 'Xã Tân Thạnh'),
(2484, 499, '80111017', 'Xã Bình Thành'),
(2485, 499, '80111018', 'Xã Thạnh Phước'),
(2486, 499, '80111019', 'Xã Thạnh Hóa'),
(2487, 499, '80111020', 'Xã Tân Tây'),
(2488, 500, '80119021', 'Xã Thủ Thừa'),
(2489, 500, '80119022', 'Xã Mỹ An'),
(2490, 500, '80119023', 'Xã Mỹ Thạnh'),
(2491, 500, '80119024', 'Xã Tân Long'),
(2492, 501, '80113025', 'Xã Mỹ Quý'),
(2493, 501, '80113026', 'Xã Đông Thành'),
(2494, 501, '80113027', 'Xã Đức Huệ'),
(2495, 502, '80115028', 'Xã An Ninh'),
(2496, 502, '80115029', 'Xã Hiệp Hoà'),
(2497, 502, '80115030', 'Xã Hậu Nghĩa'),
(2498, 502, '80115031', 'Xã Hoà Khánh'),
(2499, 502, '80115032', 'Xã Đức Lập'),
(2500, 502, '80115033', 'Xã Mỹ Hạnh'),
(2501, 502, '80115034', 'Xã Đức Hoà'),
(2502, 503, '80117035', 'Xã Thạnh Lợi'),
(2503, 503, '80117036', 'Xã Bình Đức'),
(2504, 503, '80117037', 'Xã Lương Hoà'),
(2505, 503, '80117038', 'Xã Bến Lức'),
(2506, 503, '80117039', 'Xã Mỹ Yên'),
(2507, 504, '80125040', 'Xã Long Cang'),
(2508, 504, '80125041', 'Xã Rạch Kiến'),
(2509, 504, '80125042', 'Xã Mỹ Lệ'),
(2510, 504, '80125043', 'Xã Tân Lân'),
(2511, 504, '80125044', 'Xã Cần Đước'),
(2512, 504, '80125045', 'Xã Long Hựu'),
(2513, 505, '80127046', 'Xã Phước Lý'),
(2514, 505, '80127047', 'Xã Mỹ Lộc'),
(2515, 505, '80127048', 'Xã Cần Giuộc'),
(2516, 505, '80127049', 'Xã Phước Vĩnh Tây'),
(2517, 505, '80127050', 'Xã Tân Tập'),
(2518, 506, '80123051', 'Xã Vàm Cỏ'),
(2519, 506, '80123052', 'Xã Tân Trụ'),
(2520, 506, '80123053', 'Xã Nhựt Tảo'),
(2521, 507, '80121054', 'Xã Thuận Mỹ'),
(2522, 507, '80121055', 'Xã An Lục Long'),
(2523, 507, '80121056', 'Xã Tầm Vu'),
(2524, 507, '80121057', 'Xã Vĩnh Công'),
(2525, 508, '80101058', 'Phường Long An'),
(2526, 508, '80101059', 'Phường Tân An'),
(2527, 508, '80101060', 'Phường Khánh Hậu'),
(2528, 509, '70901061', 'Phường Tân Ninh'),
(2529, 509, '70901062', 'Phường Bình Minh'),
(2530, 510, '70907063', 'Phường Ninh Thạnh'),
(2531, 511, '70911064', 'Phường Long Hoa'),
(2532, 511, '70911065', 'Phường Hoà Thành'),
(2533, 511, '70911066', 'Phường Thanh Điền'),
(2534, 512, '70917067', 'Phường Trảng Bàng'),
(2535, 512, '70917068', 'Phường An Tịnh'),
(2536, 513, '70915069', 'Phường Gò Dầu'),
(2537, 513, '70915070', 'Phường Gia Lộc'),
(2538, 512, '70917071', 'Xã Hưng Thuận'),
(2539, 512, '70917072', 'Xã Phước Chỉ'),
(2540, 513, '70915073', 'Xã Thạnh Đức'),
(2541, 513, '70915074', 'Xã Phước Thạnh'),
(2542, 513, '70915075', 'Xã Truông Mít'),
(2543, 510, '70907076', 'Xã Lộc Ninh'),
(2544, 510, '70907077', 'Xã Cầu Khởi'),
(2545, 510, '70907078', 'Xã Dương Minh Châu'),
(2546, 514, '70905079', 'Xã Tân Đông'),
(2547, 514, '70905080', 'Xã Tân Châu'),
(2548, 514, '70905081', 'Xã Tân Phú'),
(2549, 514, '70905082', 'Xã Tân Hội'),
(2550, 514, '70905083', 'Xã Tân Thành'),
(2551, 514, '70905084', 'Xã Tân Hoà'),
(2552, 515, '70903085', 'Xã Tân Lập'),
(2553, 515, '70903086', 'Xã Tân Biên'),
(2554, 515, '70903087', 'Xã Thạnh Bình'),
(2555, 515, '70903088', 'Xã Trà Vong'),
(2556, 516, '70909089', 'Xã Phước Vinh'),
(2557, 516, '70909090', 'Xã Hoà Hội'),
(2558, 516, '70909091', 'Xã Ninh Điền'),
(2559, 516, '70909092', 'Xã Châu Thành'),
(2560, 516, '70909093', 'Xã Hảo Đước'),
(2561, 517, '70913094', 'Xã Long Chữ'),
(2562, 517, '70913095', 'Xã Long Thuận'),
(2563, 517, '70913096', 'Xã Bến Cầu'),
(2564, 518, '71301001', 'Phường Biên Hoà'),
(2565, 518, '71301002', 'Phường Trấn Biên'),
(2566, 518, '71301003', 'Phường Tam Hiệp'),
(2567, 518, '71301004', 'Phường Long Bình'),
(2568, 518, '71301005', 'Phường Trảng Dài'),
(2569, 518, '71301006', 'Phường Hố Nai'),
(2570, 518, '71301007', 'Phường Long Hưng'),
(2571, 519, '71317008', 'Xã Đại Phước'),
(2572, 519, '71317009', 'Xã Nhơn Trạch'),
(2573, 519, '71317010', 'Xã Phước An'),
(2574, 520, '71315011', 'Xã Phước Thái'),
(2575, 520, '71315012', 'Xã Long Phước'),
(2576, 520, '71315013', 'Xã Bình An'),
(2577, 520, '71315014', 'Xã Long Thành'),
(2578, 520, '71315015', 'Xã An Phước'),
(2579, 521, '71308016', 'Xã An Viễn'),
(2580, 521, '71308017', 'Xã Bình Minh'),
(2581, 521, '71308018', 'Xã Trảng Bom'),
(2582, 521, '71308019', 'Xã Bàu Hàm'),
(2583, 521, '71308020', 'Xã Hưng Thịnh'),
(2584, 522, '71309021', 'Xã Dầu Giây'),
(2585, 522, '71309022', 'Xã Gia Kiệm'),
(2586, 523, '71305023', 'Xã Thống Nhất'),
(2587, 524, '71302024', 'Phường Bình Lộc'),
(2588, 524, '71302025', 'Phường Bảo Vinh'),
(2589, 524, '71302026', 'Phường Xuân Lập'),
(2590, 524, '71302027', 'Phường Long Khánh'),
(2591, 524, '71302028', 'Phường Hàng Gòn'),
(2592, 525, '71311029', 'Xã Xuân Quế'),
(2593, 525, '71311030', 'Xã Xuân Đường'),
(2594, 525, '71311031', 'Xã Cẩm Mỹ'),
(2595, 525, '71311032', 'Xã Sông Ray'),
(2596, 525, '71311033', 'Xã Xuân Đông'),
(2597, 526, '71313034', 'Xã Xuân Định'),
(2598, 526, '71313035', 'Xã Xuân Phú'),
(2599, 526, '71313036', 'Xã Xuân Lộc'),
(2600, 526, '71313037', 'Xã Xuân Hoà'),
(2601, 526, '71313038', 'Xã Xuân Thành'),
(2602, 526, '71313039', 'Xã Xuân Bắc'),
(2603, 523, '71305040', 'Xã La Ngà'),
(2604, 523, '71305041', 'Xã Định Quán'),
(2605, 523, '71305042', 'Xã Phú Vinh'),
(2606, 523, '71305043', 'Xã Phú Hoà'),
(2607, 527, '71303044', 'Xã Tà Lài'),
(2608, 527, '71303045', 'Xã Nam Cát Tiên'),
(2609, 527, '71303046', 'Xã Tân Phú'),
(2610, 527, '71303047', 'Xã Phú Lâm'),
(2611, 528, '71307048', 'Xã Trị An'),
(2612, 528, '71307049', 'Xã Tân An'),
(2613, 528, '71307050', 'Phường Tân Triều'),
(2614, 529, '70710051', 'Phường Minh Hưng'),
(2615, 529, '70710052', 'Phường Chơn Thành'),
(2616, 529, '70710053', 'Xã Nha Bích'),
(2617, 530, '70713054', 'Xã Tân Quan'),
(2618, 530, '70713055', 'Xã Tân Hưng'),
(2619, 530, '70713056', 'Xã Tân Khai'),
(2620, 530, '70713057', 'Xã Minh Đức'),
(2621, 531, '70709058', 'Phường Bình Long'),
(2622, 531, '70709059', 'Phường An Lộc'),
(2623, 532, '70705060', 'Xã Lộc Thành'),
(2624, 532, '70705061', 'Xã Lộc Ninh'),
(2625, 532, '70705062', 'Xã Lộc Hưng'),
(2626, 532, '70705063', 'Xã Lộc Tấn'),
(2627, 532, '70705064', 'Xã Lộc Thạnh'),
(2628, 532, '70705065', 'Xã Lộc Quang'),
(2629, 533, '70706066', 'Xã Tân Tiến'),
(2630, 533, '70706067', 'Xã Thiện Hưng'),
(2631, 533, '70706068', 'Xã Hưng Phước'),
(2632, 534, '70715069', 'Xã Phú Nghĩa'),
(2633, 534, '70715070', 'Xã Đa Kia'),
(2634, 535, '70703071', 'Phường Phước Bình'),
(2635, 535, '70703072', 'Phường Phước Long'),
(2636, 536, '70716073', 'Xã Bình Tân'),
(2637, 536, '70716074', 'Xã Long Hà'),
(2638, 536, '70716075', 'Xã Phú Riềng'),
(2639, 536, '70716076', 'Xã Phú Trung'),
(2640, 537, '70711077', 'Phường Đồng Xoài'),
(2641, 537, '70711078', 'Phường Bình Phước'),
(2642, 538, '70701079', 'Xã Thuận Lợi'),
(2643, 538, '70701080', 'Xã Đồng Tâm'),
(2644, 538, '70701081', 'Xã Tân Lợi'),
(2645, 538, '70701082', 'Xã Đồng Phú'),
(2646, 539, '70707083', 'Xã Phước Sơn'),
(2647, 539, '70707084', 'Xã Nghĩa Trung'),
(2648, 539, '70707085', 'Xã Bù Đăng'),
(2649, 539, '70707086', 'Xã Thọ Sơn'),
(2650, 539, '70707087', 'Xã Đak Nhau'),
(2651, 539, '70707088', 'Xã Bom Bo'),
(2652, 518, '71301089', 'Phường Tam Phước'),
(2653, 518, '71301090', 'Phường Phước Tân'),
(2654, 523, '71305091', 'Xã Thanh Sơn'),
(2655, 527, '71303092', 'Xã Đak Lua'),
(2656, 528, '71307093', 'Xã Phú Lý'),
(2657, 534, '70715094', 'Xã Bù Gia Mập'),
(2658, 534, '70715095', 'Xã Đăk Ơ'),
(2659, 540, '71701001', 'Phường Vũng Tàu'),
(2660, 540, '71701002', 'Phường Tam Thắng'),
(2661, 540, '71701003', 'Phường Rạch Dừa'),
(2662, 540, '71701004', 'Phường Phước Thắng'),
(2663, 541, '71703005', 'Phường Bà Rịa'),
(2664, 541, '71703006', 'Phường Long Hương'),
(2665, 542, '71709007', 'Phường Phú Mỹ'),
(2666, 541, '71703008', 'Phường Tam Long'),
(2667, 542, '71709009', 'Phường Tân Thành'),
(2668, 542, '71709010', 'Phường Tân Phước'),
(2669, 542, '71709011', 'Phường Tân Hải'),
(2670, 542, '71709012', 'Xã Châu Pha'),
(2671, 543, '71705013', 'Xã Ngãi Giao'),
(2672, 543, '71705014', 'Xã Bình Giã'),
(2673, 543, '71705015', 'Xã Kim Long'),
(2674, 543, '71705016', 'Xã Châu Đức'),
(2675, 543, '71705017', 'Xã Xuân Sơn'),
(2676, 543, '71705018', 'Xã Nghĩa Thành'),
(2677, 544, '71707019', 'Xã Hồ Tràm'),
(2678, 544, '71707020', 'Xã Xuyên Mộc'),
(2679, 544, '71707021', 'Xã Hòa Hội'),
(2680, 544, '71707022', 'Xã Bàu Lâm'),
(2681, 545, '71712023', 'Xã Phước Hải'),
(2682, 545, '71712024', 'Xã Long Hải'),
(2683, 545, '71712025', 'Xã Đất Đỏ'),
(2684, 545, '71712026', 'Xã Long Điền'),
(2685, 546, '71713027', 'Đặc khu Côn Đảo'),
(2686, 547, '71109028', 'Phường Đông Hoà'),
(2687, 547, '71109029', 'Phường Dĩ An'),
(2688, 547, '71109030', 'Phường Tân Đông Hiệp'),
(2689, 548, '71107031', 'Phường Thuận An'),
(2690, 548, '71107032', 'Phường Thuận Giao'),
(2691, 548, '71107033', 'Phường Bình Hoà'),
(2692, 548, '71107034', 'Phường Lái Thiêu'),
(2693, 548, '71107035', 'Phường An Phú'),
(2694, 549, '71101036', 'Phường Bình Dương'),
(2695, 549, '71101037', 'Phường Chánh Hiệp'),
(2696, 549, '71101038', 'Phường Thủ Dầu Một'),
(2697, 549, '71101039', 'Phường Phú Lợi'),
(2698, 550, '71105040', 'Phường Vĩnh Tân'),
(2699, 550, '71105041', 'Phường Bình Cơ'),
(2700, 550, '71105042', 'Phường Tân Uyên'),
(2701, 550, '71105043', 'Phường Tân Hiệp'),
(2702, 550, '71105044', 'Phường Tân Khánh'),
(2703, 551, '71103045', 'Phường Hoà Lợi'),
(2704, 549, '71101046', 'Phường Phú An'),
(2705, 552, '71113047', 'Phường Tây Nam'),
(2706, 553, '71115048', 'Phường Long Nguyên'),
(2707, 553, '71115049', 'Phường Bến Cát'),
(2708, 553, '71115050', 'Phường Chánh Phú Hoà'),
(2709, 554, '71117051', 'Xã Bắc Tân Uyên'),
(2710, 554, '71117052', 'Xã Thường Tân'),
(2711, 555, '71111053', 'Xã An Long'),
(2712, 555, '71111054', 'Xã Phước Thành'),
(2713, 555, '71111055', 'Xã Phước Hoà'),
(2714, 555, '71111056', 'Xã Phú Giáo'),
(2715, 553, '71115057', 'Xã Trừ Văn Thố'),
(2716, 553, '71115058', 'Xã Bàu Bàng'),
(2717, 552, '71113059', 'Xã Minh Thạnh'),
(2718, 552, '71113060', 'Xã Long Hoà'),
(2719, 552, '71113061', 'Xã Dầu Tiếng'),
(2720, 552, '71113062', 'Xã Thanh An'),
(2721, 556, '70101063', 'Phường Sài Gòn'),
(2722, 556, '70101064', 'Phường Tân Định'),
(2723, 556, '70101065', 'Phường Bến Thành'),
(2724, 556, '70101066', 'Phường Cầu Ông Lãnh'),
(2725, 557, '70105067', 'Phường Bàn Cờ'),
(2726, 557, '70105068', 'Phường Xuân Hoà'),
(2727, 557, '70105069', 'Phường Nhiêu Lộc'),
(2728, 558, '70107070', 'Phường Xóm Chiếu'),
(2729, 558, '70107071', 'Phường Khánh Hội'),
(2730, 558, '70107072', 'Phường Vĩnh Hội'),
(2731, 559, '70109073', 'Phường Chợ Quán'),
(2732, 559, '70109074', 'Phường An Đông'),
(2733, 559, '70109075', 'Phường Chợ Lớn'),
(2734, 560, '70111076', 'Phường Bình Tây'),
(2735, 560, '70111077', 'Phường Bình Tiên'),
(2736, 560, '70111078', 'Phường Bình Phú'),
(2737, 560, '70111079', 'Phường Phú Lâm'),
(2738, 561, '70113080', 'Phường Tân Thuận'),
(2739, 561, '70113081', 'Phường Phú Thuận'),
(2740, 561, '70113082', 'Phường Tân Mỹ'),
(2741, 561, '70113083', 'Phường Tân Hưng'),
(2742, 562, '70115084', 'Phường Chánh Hưng'),
(2743, 562, '70115085', 'Phường Phú Định'),
(2744, 562, '70115086', 'Phường Bình Đông'),
(2745, 563, '70119087', 'Phường Diên Hồng'),
(2746, 563, '70119088', 'Phường Vườn Lài'),
(2747, 563, '70119089', 'Phường Hoà Hưng'),
(2748, 564, '70121090', 'Phường Minh Phụng'),
(2749, 564, '70121091', 'Phường Bình Thới'),
(2750, 564, '70121092', 'Phường Hoà Bình'),
(2751, 564, '70121093', 'Phường Phú Thọ'),
(2752, 565, '70123094', 'Phường Đông Hưng Thuận'),
(2753, 565, '70123095', 'Phường Trung Mỹ Tây'),
(2754, 565, '70123096', 'Phường Tân Thới Hiệp'),
(2755, 565, '70123097', 'Phường Thới An'),
(2756, 565, '70123098', 'Phường An Phú Đông'),
(2757, 566, '70134099', 'Phường An Lạc'),
(2758, 566, '70134100', 'Phường Tân Tạo'),
(2759, 566, '70134101', 'Phường Bình Tân'),
(2760, 566, '70134102', 'Phường Bình Trị Đông'),
(2761, 566, '70134103', 'Phường Bình Hưng Hoà'),
(2762, 567, '70129104', 'Phường Gia Định'),
(2763, 567, '70129105', 'Phường Bình Thạnh'),
(2764, 567, '70129106', 'Phường Bình Lợi Trung'),
(2765, 567, '70129107', 'Phường Thạnh Mỹ Tây'),
(2766, 567, '70129108', 'Phường Bình Quới'),
(2767, 568, '70125109', 'Phường Hạnh Thông'),
(2768, 568, '70125110', 'Phường An Nhơn'),
(2769, 568, '70125111', 'Phường Gò Vấp'),
(2770, 568, '70125112', 'Phường An Hội Đông'),
(2771, 568, '70125113', 'Phường Thông Tây Hội'),
(2772, 568, '70125114', 'Phường An Hội Tây'),
(2773, 569, '70131115', 'Phường Đức Nhuận'),
(2774, 569, '70131116', 'Phường Cầu Kiệu'),
(2775, 569, '70131117', 'Phường Phú Nhuận'),
(2776, 570, '70127118', 'Phường Tân Sơn Hoà'),
(2777, 570, '70127119', 'Phường Tân Sơn Nhất'),
(2778, 570, '70127120', 'Phường Tân Hoà'),
(2779, 570, '70127121', 'Phường Bảy Hiền'),
(2780, 570, '70127122', 'Phường Tân Bình'),
(2781, 570, '70127123', 'Phường Tân Sơn'),
(2782, 571, '70128124', 'Phường Tây Thạnh'),
(2783, 571, '70128125', 'Phường Tân Sơn Nhì'),
(2784, 571, '70128126', 'Phường Phú Thọ Hoà'),
(2785, 571, '70128127', 'Phường Tân Phú'),
(2786, 571, '70128128', 'Phường Phú Thạnh'),
(2787, 572, '70145129', 'Phường Hiệp Bình'),
(2788, 572, '70145130', 'Phường Thủ Đức'),
(2789, 572, '70145131', 'Phường Tam Bình'),
(2790, 572, '70145132', 'Phường Linh Xuân'),
(2791, 572, '70145133', 'Phường Tăng Nhơn Phú'),
(2792, 572, '70145134', 'Phường Long Bình'),
(2793, 572, '70145135', 'Phường Long Phước'),
(2794, 572, '70145136', 'Phường Long Trường'),
(2795, 572, '70145137', 'Phường Cát Lái'),
(2796, 572, '70145138', 'Phường Bình Trưng'),
(2797, 572, '70145139', 'Phường Phước Long'),
(2798, 572, '70145140', 'Phường An Khánh'),
(2799, 573, '70139141', 'Xã Vĩnh Lộc'),
(2800, 573, '70139142', 'Xã Tân Vĩnh Lộc'),
(2801, 573, '70139143', 'Xã Bình Lợi'),
(2802, 573, '70139144', 'Xã Tân Nhựt'),
(2803, 573, '70139145', 'Xã Bình Chánh'),
(2804, 573, '70139146', 'Xã Hưng Long'),
(2805, 573, '70139147', 'Xã Bình Hưng'),
(2806, 574, '70143148', 'Xã Bình Khánh'),
(2807, 574, '70143149', 'Xã An Thới Đông'),
(2808, 574, '70143150', 'Xã Cần Giờ'),
(2809, 575, '70135151', 'Xã Củ Chi'),
(2810, 575, '70135152', 'Xã Tân An Hội'),
(2811, 575, '70135153', 'Xã Thái Mỹ'),
(2812, 575, '70135154', 'Xã An Nhơn Tây'),
(2813, 575, '70135155', 'Xã Nhuận Đức'),
(2814, 575, '70135156', 'Xã Phú Hoà Đông'),
(2815, 575, '70135157', 'Xã Bình Mỹ'),
(2816, 576, '70137158', 'Xã Đông Thạnh'),
(2817, 576, '70137159', 'Xã Hóc Môn'),
(2818, 576, '70137160', 'Xã Xuân Thới Sơn'),
(2819, 576, '70137161', 'Xã Bà Điểm'),
(2820, 577, '70141162', 'Xã Nhà Bè'),
(2821, 577, '70141163', 'Xã Hiệp Phước'),
(2822, 540, '71701164', 'Xã Long Sơn'),
(2823, 544, '71707165', 'Xã Hòa Hiệp'),
(2824, 544, '71707166', 'Xã Bình Châu'),
(2825, 551, '71103167', 'Phường Thới Hoà'),
(2826, 574, '70143168', 'Xã Thạnh An'),
(2827, 578, '81701037', 'Phường Trà Vinh'),
(2828, 579, '80905001', 'Xã Cái Nhum'),
(2829, 578, '81701036', 'Phường Long Đức'),
(2830, 579, '80905002', 'Xã Tân Long Hội'),
(2831, 578, '81701038', 'Phường Nguyệt Hóa'),
(2832, 579, '80905003', 'Xã Nhơn Phú'),
(2833, 578, '81701039', 'Phường Hòa Thuận'),
(2834, 579, '80905004', 'Xã Bình Phước'),
(2835, 580, '81703042', 'Xã Càng Long'),
(2836, 581, '80903005', 'Xã An Bình'),
(2837, 580, '81703040', 'Xã An Trường'),
(2838, 581, '80903006', 'Xã Long Hồ'),
(2839, 580, '81703041', 'Xã Tân An'),
(2840, 581, '80903007', 'Xã Phú Quới'),
(2841, 580, '81703043', 'Xã Nhị Long'),
(2842, 582, '80901008', 'Phường Thanh Đức'),
(2843, 580, '81703044', 'Xã Bình Phú'),
(2844, 582, '80901009', 'Phường Long Châu'),
(2845, 583, '81705046', 'Xã Châu Thành'),
(2846, 582, '80901010', 'Phường Phước Hậu'),
(2847, 583, '81705045', 'Xã Song Lộc'),
(2848, 582, '80901011', 'Phường Tân Hạnh'),
(2849, 583, '81705047', 'Xã Hưng Mỹ'),
(2850, 582, '80901012', 'Phường Tân Ngãi'),
(2851, 583, '81705048', 'Xã Hòa Minh'),
(2852, 584, '80913013', 'Xã Quới Thiện'),
(2853, 583, '81705049', 'Xã Long Hòa'),
(2854, 584, '80913014', 'Xã Trung Thành'),
(2855, 585, '81707050', 'Xã Cầu Kè'),
(2856, 584, '80913015', 'Xã Trung Ngãi'),
(2857, 585, '81707051', 'Xã Phong Thạnh'),
(2858, 584, '80913016', 'Xã Quới An'),
(2859, 585, '81707052', 'Xã An Phú Tân'),
(2860, 584, '80913017', 'Xã Trung Hiệp'),
(2861, 585, '81707053', 'Xã Tam Ngãi'),
(2862, 584, '80913018', 'Xã Hiếu Phụng'),
(2863, 586, '81709056', 'Xã Tiểu Cần'),
(2864, 584, '80913019', 'Xã Hiếu Thành'),
(2865, 586, '81709054', 'Xã Tân Hòa'),
(2866, 587, '80911020', 'Xã Lục Sỹ Thành'),
(2867, 586, '81709055', 'Xã Hùng Hòa'),
(2868, 587, '80911021', 'Xã Trà Ôn'),
(2869, 586, '81709057', 'Xã Tập Ngãi'),
(2870, 587, '80911022', 'Xã Trà Côn'),
(2871, 588, '81711060', 'Xã Cầu Ngang'),
(2872, 587, '80911023', 'Xã Vĩnh Xuân'),
(2873, 588, '81711058', 'Xã Mỹ Long'),
(2874, 587, '80911024', 'Xã Hòa Bình'),
(2875, 588, '81711059', 'Xã Vinh Kim'),
(2876, 589, '80909025', 'Xã Hòa Hiệp'),
(2877, 588, '81711061', 'Xã Nhị Trường'),
(2878, 589, '80909026', 'Xã Tam Bình'),
(2879, 588, '81711062', 'Xã Hiệp Mỹ'),
(2880, 589, '80909027', 'Xã Ngãi Tứ'),
(2881, 590, '81713066', 'Xã Trà Cú'),
(2882, 589, '80909028', 'Xã Song Phú'),
(2883, 590, '81713063', 'Xã Lưu Nghiệp Anh'),
(2884, 589, '80909029', 'Xã Cái Ngang'),
(2885, 590, '81713064', 'Xã Đại An'),
(2886, 591, '80908030', 'Xã Tân Quới'),
(2887, 590, '81713065', 'Xã Hàm Giang'),
(2888, 591, '80908031', 'Xã Tân Lược'),
(2889, 590, '81713067', 'Xã Long Hiệp'),
(2890, 591, '80908032', 'Xã Mỹ Thuận'),
(2891, 590, '81713068', 'Xã Tập Sơn'),
(2892, 592, '80907033', 'Phường Bình Minh'),
(2893, 593, '81716069', 'Phường Duyên Hải'),
(2894, 592, '80907034', 'Phường Cái Vồn'),
(2895, 593, '81716070', 'Phường Trường Long Hòa'),
(2896, 592, '80907035', 'Phường Đông Thành'),
(2897, 593, '81716071', 'Xã Long Hữu'),
(2898, 594, '81715072', 'Xã Long Thành'),
(2899, 594, '81715073', 'Xã Đông Hải'),
(2900, 594, '81715074', 'Xã Long Vĩnh'),
(2901, 594, '81715075', 'Xã Đôn Châu'),
(2902, 594, '81715076', 'Xã Ngũ Lạc'),
(2903, 595, '81101077', 'Phường An Hội'),
(2904, 595, '81101078', 'Phường Phú Khương'),
(2905, 595, '81101079', 'Phường Bến Tre'),
(2906, 595, '81101080', 'Phường Sơn Đông'),
(2907, 596, '81103081', 'Phường Phú Tân'),
(2908, 596, '81103082', 'Xã Phú Túc'),
(2909, 596, '81103083', 'Xã Giao Long'),
(2910, 596, '81103084', 'Xã Tiên Thủy'),
(2911, 596, '81103085', 'Xã Tân Phú'),
(2912, 597, '81105086', 'Xã Phú Phụng'),
(2913, 597, '81105087', 'Xã Chợ Lách'),
(2914, 597, '81105088', 'Xã Vĩnh Thành'),
(2915, 597, '81105089', 'Xã Hưng Khánh Trung'),
(2916, 598, '81108090', 'Xã Phước Mỹ Trung'),
(2917, 598, '81108091', 'Xã Tân Thành Bình'),
(2918, 598, '81108092', 'Xã Nhuận Phú Tân'),
(2919, 599, '81107093', 'Xã Đồng Khởi'),
(2920, 599, '81107094', 'Xã Mỏ Cày'),
(2921, 599, '81107095', 'Xã Thành Thới'),
(2922, 599, '81107096', 'Xã An Định'),
(2923, 599, '81107097', 'Xã Hương Mỹ'),
(2924, 600, '81115098', 'Xã Đại Điền'),
(2925, 600, '81115099', 'Xã Quới Điền'),
(2926, 600, '81115100', 'Xã Thạnh Phú'),
(2927, 600, '81115101', 'Xã An Qui'),
(2928, 600, '81115102', 'Xã Thạnh Hải'),
(2929, 600, '81115103', 'Xã Thạnh Phong'),
(2930, 601, '81113104', 'Xã Tân Thủy'),
(2931, 601, '81113105', 'Xã Bảo Thạnh'),
(2932, 601, '81113106', 'Xã Ba Tri'),
(2933, 601, '81113107', 'Xã Tân Xuân'),
(2934, 601, '81113108', 'Xã Mỹ Chánh Hòa'),
(2935, 601, '81113109', 'Xã An Ngãi Trung'),
(2936, 601, '81113110', 'Xã An Hiệp'),
(2937, 602, '81109111', 'Xã Hưng Nhượng'),
(2938, 602, '81109112', 'Xã Giồng Trôm'),
(2939, 602, '81109113', 'Xã Tân Hào'),
(2940, 602, '81109114', 'Xã Phước Long'),
(2941, 602, '81109115', 'Xã Lương Phú'),
(2942, 602, '81109116', 'Xã Châu Hòa'),
(2943, 602, '81109117', 'Xã Lương Hòa'),
(2944, 603, '81111118', 'Xã Thới Thuận'),
(2945, 603, '81111119', 'Xã Thạnh Phước'),
(2946, 603, '81111120', 'Xã Bình Đại'),
(2947, 603, '81111121', 'Xã Thạnh Trị'),
(2948, 603, '81111122', 'Xã Lộc Thuận'),
(2949, 603, '81111123', 'Xã Châu Hưng'),
(2950, 603, '81111124', 'Xã Phú Thuận'),
(2951, 604, '80701001', 'Phường Mỹ Tho'),
(2952, 604, '80701002', 'Phường Đạo Thạnh'),
(2953, 604, '80701003', 'Phường Mỹ Phong'),
(2954, 604, '80701004', 'Phường Thới Sơn'),
(2955, 604, '80701005', 'Phường Trung An'),
(2956, 605, '80703006', 'Phường Gò Công'),
(2957, 605, '80703007', 'Phường Long Thuận'),
(2958, 605, '80703008', 'Phường Sơn Qui'),
(2959, 605, '80703009', 'Phường Bình Xuân'),
(2960, 606, '80721010', 'Phường Mỹ Phước Tây'),
(2961, 606, '80721011', 'Phường Thanh Hoà'),
(2962, 606, '80721012', 'Phường Cai Lậy'),
(2963, 606, '80721013', 'Phường Nhị Quý'),
(2964, 606, '80721014', 'Xã Tân Phú'),
(2965, 607, '80713015', 'Xã Thanh Hưng'),
(2966, 607, '80713016', 'Xã An Hữu'),
(2967, 607, '80713017', 'Xã Mỹ Lợi'),
(2968, 607, '80713018', 'Xã Mỹ Đức Tây'),
(2969, 607, '80713019', 'Xã Mỹ Thiện'),
(2970, 607, '80713020', 'Xã Hậu Mỹ'),
(2971, 607, '80713021', 'Xã Hội Cư'),
(2972, 607, '80713022', 'Xã Cái Bè'),
(2973, 608, '80709023', 'Xã Bình Phú'),
(2974, 608, '80709024', 'Xã Hiệp Đức'),
(2975, 608, '80709025', 'Xã Ngũ Hiệp'),
(2976, 608, '80709026', 'Xã Long Tiên'),
(2977, 608, '80709027', 'Xã Mỹ Thành'),
(2978, 608, '80709028', 'Xã Thạnh Phú'),
(2979, 609, '80705029', 'Xã Tân Phước 1'),
(2980, 609, '80705030', 'Xã Tân Phước 2'),
(2981, 609, '80705031', 'Xã Tân Phước 3'),
(2982, 609, '80705032', 'Xã Hưng Thạnh'),
(2983, 610, '80707033', 'Xã Tân Hương'),
(2984, 610, '80707034', 'Xã Châu Thành'),
(2985, 610, '80707035', 'Xã Long Hưng'),
(2986, 610, '80707036', 'Xã Long Định'),
(2987, 610, '80707037', 'Xã Vĩnh Kim'),
(2988, 610, '80707038', 'Xã Kim Sơn'),
(2989, 610, '80707039', 'Xã Bình Trưng'),
(2990, 611, '80711040', 'Xã Mỹ Tịnh An'),
(2991, 611, '80711041', 'Xã Lương Hoà Lạc'),
(2992, 611, '80711042', 'Xã Tân Thuận Bình'),
(2993, 611, '80711043', 'Xã Chợ Gạo'),
(2994, 611, '80711044', 'Xã An Thạnh Thủy'),
(2995, 611, '80711045', 'Xã Bình Ninh'),
(2996, 612, '80715046', 'Xã Vĩnh Bình'),
(2997, 612, '80715047', 'Xã Đồng Sơn'),
(2998, 612, '80715048', 'Xã Phú Thành'),
(2999, 612, '80715049', 'Xã Long Bình'),
(3000, 612, '80715050', 'Xã Vĩnh Hựu'),
(3001, 613, '80717051', 'Xã Gò Công Đông'),
(3002, 613, '80717052', 'Xã Tân Điền'),
(3003, 613, '80717053', 'Xã Tân Hoà'),
(3004, 613, '80717054', 'Xã Tân Đông'),
(3005, 613, '80717055', 'Xã Gia Thuận'),
(3006, 614, '80719056', 'Xã Tân Thới'),
(3007, 614, '80719057', 'Xã Tân Phú Đông'),
(3008, 615, '80305058', 'Xã Tân Hồng'),
(3009, 615, '80305059', 'Xã Tân Thành'),
(3010, 615, '80305060', 'Xã Tân Hộ Cơ'),
(3011, 615, '80305061', 'Xã An Phước'),
(3012, 616, '80323062', 'Phường An Bình'),
(3013, 616, '80323063', 'Phường Hồng Ngự'),
(3014, 617, '80307064', 'Phường Thường Lạc'),
(3015, 617, '80307065', 'Xã Thường Phước'),
(3016, 617, '80307066', 'Xã Long Khánh'),
(3017, 617, '80307067', 'Xã Long Phú Thuận'),
(3018, 618, '80309068', 'Xã An Hoà'),
(3019, 618, '80309069', 'Xã Tam Nông'),
(3020, 618, '80309070', 'Xã Phú Thọ'),
(3021, 618, '80309071', 'Xã Tràm Chim'),
(3022, 618, '80309072', 'Xã Phú Cường'),
(3023, 618, '80309073', 'Xã An Long'),
(3024, 619, '80311074', 'Xã Thanh Bình'),
(3025, 619, '80311075', 'Xã Tân Thạnh'),
(3026, 619, '80311076', 'Xã Bình Thành'),
(3027, 619, '80311077', 'Xã Tân Long'),
(3028, 620, '80313078', 'Xã Tháp Mười'),
(3029, 620, '80313079', 'Xã Thanh Mỹ'),
(3030, 620, '80313080', 'Xã Mỹ Quí'),
(3031, 620, '80313081', 'Xã Đốc Binh Kiều'),
(3032, 620, '80313082', 'Xã Trường Xuân'),
(3033, 620, '80313083', 'Xã Phương Thịnh'),
(3034, 621, '80315084', 'Xã Phong Mỹ'),
(3035, 621, '80315085', 'Xã Ba Sao'),
(3036, 621, '80315086', 'Xã Mỹ Thọ'),
(3037, 621, '80315087', 'Xã Bình Hàng Trung'),
(3038, 621, '80315088', 'Xã Mỹ Hiệp'),
(3039, 622, '80301089', 'Phường Cao Lãnh'),
(3040, 622, '80301090', 'Phường Mỹ Ngãi'),
(3041, 622, '80301091', 'Phường Mỹ Trà'),
(3042, 623, '80317092', 'Xã Mỹ An Hưng'),
(3043, 623, '80317093', 'Xã Tân Khánh Trung'),
(3044, 623, '80317094', 'Xã Lấp Vò'),
(3045, 624, '80319095', 'Xã Lai Vung'),
(3046, 624, '80319096', 'Xã Hoà Long'),
(3047, 624, '80319097', 'Xã Phong Hoà'),
(3048, 625, '80303098', 'Phường Sa Đéc'),
(3049, 624, '80319099', 'Xã Tân Dương'),
(3050, 626, '80321100', 'Xã Phú Hựu'),
(3051, 626, '80321101', 'Xã Tân Nhuận Đông'),
(3052, 626, '80321102', 'Xã Tân Phú Trung'),
(3053, 627, '80501001', 'Xã Mỹ Hoà Hưng'),
(3054, 627, '80501002', 'Phường Long Xuyên'),
(3055, 627, '80501003', 'Phường Bình Đức'),
(3056, 627, '80501004', 'Phường Mỹ Thới'),
(3057, 628, '80503005', 'Phường Châu Đốc'),
(3058, 628, '80503006', 'Phường Vĩnh Tế'),
(3059, 629, '80505007', 'Xã An Phú'),
(3060, 629, '80505008', 'Xã Vĩnh Hậu'),
(3061, 629, '80505009', 'Xã Nhơn Hội'),
(3062, 629, '80505010', 'Xã Khánh Bình'),
(3063, 629, '80505011', 'Xã Phú Hữu'),
(3064, 630, '80507012', 'Xã Tân An'),
(3065, 630, '80507013', 'Xã Châu Phong'),
(3066, 630, '80507014', 'Xã Vĩnh Xương'),
(3067, 630, '80507015', 'Phường Tân Châu'),
(3068, 630, '80507016', 'Phường Long Phú'),
(3069, 631, '80509017', 'Xã Phú Tân'),
(3070, 631, '80509018', 'Xã Phú An'),
(3071, 631, '80509019', 'Xã Bình Thạnh Đông'),
(3072, 631, '80509020', 'Xã Chợ Vàm'),
(3073, 631, '80509021', 'Xã Hoà Lạc'),
(3074, 631, '80509022', 'Xã Phú Lâm'),
(3075, 632, '80511023', 'Xã Châu Phú'),
(3076, 632, '80511024', 'Xã Mỹ Đức'),
(3077, 632, '80511025', 'Xã Vĩnh Thạnh Trung'),
(3078, 632, '80511026', 'Xã Bình Mỹ'),
(3079, 632, '80511027', 'Xã Thạnh Mỹ Tây'),
(3080, 633, '80513028', 'Xã An Cư'),
(3081, 633, '80513029', 'Xã Núi Cấm'),
(3082, 633, '80513030', 'Phường Tịnh Biên'),
(3083, 633, '80513031', 'Phường Thới Sơn'),
(3084, 633, '80513032', 'Phường Chi Lăng'),
(3085, 634, '80515033', 'Xã Ba Chúc'),
(3086, 634, '80515034', 'Xã Tri Tôn'),
(3087, 634, '80515035', 'Xã Ô Lâm'),
(3088, 634, '80515036', 'Xã Cô Tô'),
(3089, 634, '80515037', 'Xã Vĩnh Gia'),
(3090, 635, '80519038', 'Xã An Châu'),
(3091, 635, '80519039', 'Xã Bình Hoà'),
(3092, 635, '80519040', 'Xã Cần Đăng'),
(3093, 635, '80519041', 'Xã Vĩnh Hanh'),
(3094, 635, '80519042', 'Xã Vĩnh An'),
(3095, 636, '80517043', 'Xã Chợ Mới'),
(3096, 636, '80517044', 'Xã Cù Lao Giêng'),
(3097, 636, '80517045', 'Xã Hội An'),
(3098, 636, '80517046', 'Xã Long Điền'),
(3099, 636, '80517047', 'Xã Nhơn Mỹ'),
(3100, 636, '80517048', 'Xã Long Kiến'),
(3101, 637, '80521049', 'Xã Thoại Sơn'),
(3102, 637, '80521050', 'Xã Óc Eo'),
(3103, 637, '80521051', 'Xã Định Mỹ'),
(3104, 637, '80521052', 'Xã Phú Hoà'),
(3105, 637, '80521053', 'Xã Vĩnh Trạch'),
(3106, 637, '80521054', 'Xã Tây Phú'),
(3107, 638, '81319055', 'Xã Vĩnh Bình'),
(3108, 638, '81319056', 'Xã Vĩnh Thuận'),
(3109, 638, '81319057', 'Xã Vĩnh Phong'),
(3110, 639, '81327058', 'Xã Vĩnh Hoà'),
(3111, 639, '81327059', 'Xã U Minh Thượng'),
(3112, 640, '81317060', 'Xã Đông Hoà'),
(3113, 640, '81317061', 'Xã Tân Thạnh'),
(3114, 640, '81317062', 'Xã Đông Hưng'),
(3115, 640, '81317063', 'Xã An Minh'),
(3116, 640, '81317064', 'Xã Vân Khánh'),
(3117, 641, '81315065', 'Xã Tây Yên'),
(3118, 641, '81315066', 'Xã Đông Thái'),
(3119, 641, '81315067', 'Xã An Biên'),
(3120, 642, '81313068', 'Xã Định Hoà'),
(3121, 642, '81313069', 'Xã Gò Quao'),
(3122, 642, '81313070', 'Xã Vĩnh Hoà Hưng'),
(3123, 642, '81313071', 'Xã Vĩnh Tuy'),
(3124, 643, '81311072', 'Xã Giồng Riềng'),
(3125, 643, '81311073', 'Xã Thạnh Hưng'),
(3126, 643, '81311074', 'Xã Long Thạnh'),
(3127, 643, '81311075', 'Xã Hoà Hưng'),
(3128, 643, '81311076', 'Xã Ngọc Chúc'),
(3129, 643, '81311077', 'Xã Hoà Thuận'),
(3130, 644, '81307078', 'Xã Tân Hội'),
(3131, 644, '81307079', 'Xã Tân Hiệp'),
(3132, 644, '81307080', 'Xã Thạnh Đông'),
(3133, 645, '81309081', 'Xã Thạnh Lộc'),
(3134, 645, '81309082', 'Xã Châu Thành'),
(3135, 645, '81309083', 'Xã Bình An'),
(3136, 646, '81305084', 'Xã Hòn Đất'),
(3137, 646, '81305085', 'Xã Sơn Kiên'),
(3138, 646, '81305086', 'Xã Mỹ Thuận'),
(3139, 646, '81305087', 'Xã Bình Sơn'),
(3140, 646, '81305088', 'Xã Bình Giang'),
(3141, 647, '81304089', 'Xã Giang Thành'),
(3142, 647, '81304090', 'Xã Vĩnh Điều'),
(3143, 648, '81303091', 'Xã Hoà Điền'),
(3144, 648, '81303092', 'Xã Kiên Lương'),
(3145, 648, '81303093', 'Xã Sơn Hải'),
(3146, 648, '81303094', 'Xã Hòn Nghệ'),
(3147, 649, '81323095', 'Đặc khu Kiên Hải'),
(3148, 650, '81301096', 'Phường Vĩnh Thông'),
(3149, 650, '81301097', 'Phường Rạch Giá'),
(3150, 651, '81325098', 'Phường Hà Tiên'),
(3151, 651, '81325099', 'Phường Tô Châu'),
(3152, 651, '81325100', 'Xã Tiên Hải'),
(3153, 652, '81321101', 'Đặc khu Phú Quốc'),
(3154, 652, '81321102', 'Đặc khu Thổ Châu'),
(3155, 653, '81519001', 'Phường Ninh Kiều'),
(3156, 653, '81519002', 'Phường Cái Khế'),
(3157, 653, '81519003', 'Phường Tân An'),
(3158, 653, '81519004', 'Phường An Bình'),
(3159, 654, '81521005', 'Phường Thới An Đông'),
(3160, 654, '81521006', 'Phường Bình Thủy'),
(3161, 654, '81521007', 'Phường Long Tuyền'),
(3162, 655, '81523008', 'Phường Cái Răng'),
(3163, 655, '81523009', 'Phường Hưng Phú'),
(3164, 656, '81505010', 'Phường Ô Môn'),
(3165, 656, '81505011', 'Phường Thới Long'),
(3166, 656, '81505012', 'Phường Phước Thới'),
(3167, 657, '81503013', 'Phường Trung Nhứt'),
(3168, 657, '81503014', 'Phường Thốt Nốt'),
(3169, 657, '81503015', 'Phường Thuận Hưng'),
(3170, 657, '81503016', 'Phường Tân Lộc'),
(3171, 658, '81529017', 'Xã Phong Điền'),
(3172, 658, '81529018', 'Xã Nhơn Ái'),
(3173, 658, '81529019', 'Xã Trường Long'),
(3174, 659, '81531020', 'Xã Thới Lai'),
(3175, 659, '81531021', 'Xã Đông Thuận'),
(3176, 659, '81531022', 'Xã Trường Xuân'),
(3177, 659, '81531023', 'Xã Trường Thành'),
(3178, 660, '81527024', 'Xã Cờ Đỏ'),
(3179, 660, '81527025', 'Xã Đông Hiệp'),
(3180, 660, '81527026', 'Xã Thạnh Phú'),
(3181, 660, '81527027', 'Xã Thới Hưng'),
(3182, 660, '81527028', 'Xã Trung Hưng'),
(3183, 661, '81525029', 'Xã Vĩnh Thạnh'),
(3184, 661, '81525030', 'Xã Vĩnh Trinh'),
(3185, 661, '81525031', 'Xã Thạnh An'),
(3186, 661, '81525032', 'Xã Thạnh Quới'),
(3187, 662, '81601033', 'Xã Hỏa Lựu'),
(3188, 662, '81601034', 'Phường Vị Thanh'),
(3189, 662, '81601035', 'Phường Vị Tân'),
(3190, 663, '81609036', 'Xã Vị Thủy'),
(3191, 663, '81609037', 'Xã Vĩnh Thuận Đông'),
(3192, 663, '81609038', 'Xã Vị Thanh 1'),
(3193, 663, '81609039', 'Xã Vĩnh Tường'),
(3194, 664, '81611040', 'Xã Vĩnh Viễn'),
(3195, 664, '81611041', 'Xã Xà Phiên'),
(3196, 664, '81611042', 'Xã Lương Tâm'),
(3197, 665, '81612043', 'Phường Long Bình'),
(3198, 665, '81612044', 'Phường Long Mỹ'),
(3199, 665, '81612045', 'Phường Long Phú 1'),
(3200, 666, '81603046', 'Xã Thạnh Xuân'),
(3201, 666, '81603047', 'Xã Tân Hoà'),
(3202, 666, '81603048', 'Xã Trường Long Tây'),
(3203, 667, '81605049', 'Xã Châu Thành'),
(3204, 667, '81605050', 'Xã Đông Phước'),
(3205, 667, '81605051', 'Xã Phú Hữu'),
(3206, 668, '81607052', 'Phường Đại Thành'),
(3207, 668, '81607053', 'Phường Ngã Bảy'),
(3208, 669, '81608054', 'Xã Tân Bình'),
(3209, 669, '81608055', 'Xã Hoà An'),
(3210, 669, '81608056', 'Xã Phương Bình'),
(3211, 669, '81608057', 'Xã Tân Phước Hưng'),
(3212, 669, '81608058', 'Xã Hiệp Hưng'),
(3213, 669, '81608059', 'Xã Phụng Hiệp'),
(3214, 669, '81608060', 'Xã Thạnh Hoà'),
(3215, 670, '81901061', 'Phường Phú Lợi'),
(3216, 670, '81901062', 'Phường Sóc Trăng'),
(3217, 670, '81901063', 'Phường Mỹ Xuyên'),
(3218, 671, '81909064', 'Xã Hoà Tú'),
(3219, 671, '81909065', 'Xã Gia Hoà'),
(3220, 671, '81909066', 'Xã Nhu Gia'),
(3221, 671, '81909067', 'Xã Ngọc Tố'),
(3222, 672, '81905068', 'Xã Trường Khánh'),
(3223, 672, '81905069', 'Xã Đại Ngãi'),
(3224, 672, '81905070', 'Xã Tân Thạnh'),
(3225, 672, '81905071', 'Xã Long Phú'),
(3226, 673, '81903072', 'Xã Nhơn Mỹ'),
(3227, 673, '81903073', 'Xã Phong Nẫm'),
(3228, 673, '81903074', 'Xã An Lạc Thôn'),
(3229, 673, '81903075', 'Xã Kế Sách'),
(3230, 673, '81903076', 'Xã Thới An Hội'),
(3231, 673, '81903077', 'Xã Đại Hải'),
(3232, 674, '81915078', 'Xã Phú Tâm'),
(3233, 674, '81915079', 'Xã An Ninh'),
(3234, 674, '81915080', 'Xã Thuận Hoà'),
(3235, 674, '81915081', 'Xã Hồ Đắc Kiện'),
(3236, 675, '81907082', 'Xã Mỹ Tú'),
(3237, 675, '81907083', 'Xã Long Hưng'),
(3238, 675, '81907084', 'Xã Mỹ Phước'),
(3239, 675, '81907085', 'Xã Mỹ Hương'),
(3240, 676, '81913086', 'Xã Vĩnh Hải'),
(3241, 676, '81913087', 'Xã Lai Hoà'),
(3242, 676, '81913088', 'Phường Vĩnh Phước'),
(3243, 676, '81913089', 'Phường Vĩnh Châu'),
(3244, 676, '81913090', 'Phường Khánh Hoà'),
(3245, 677, '81912091', 'Xã Tân Long'),
(3246, 677, '81912092', 'Phường Ngã Năm'),
(3247, 677, '81912093', 'Phường Mỹ Quới'),
(3248, 678, '81911094', 'Xã Phú Lộc'),
(3249, 678, '81911095', 'Xã Vĩnh Lợi'),
(3250, 678, '81911096', 'Xã Lâm Tân'),
(3251, 679, '81917097', 'Xã Thạnh Thới An'),
(3252, 679, '81917098', 'Xã Tài Văn'),
(3253, 679, '81917099', 'Xã Liêu Tú'),
(3254, 679, '81917100', 'Xã Lịch Hội Thượng'),
(3255, 679, '81917101', 'Xã Trần Đề'),
(3256, 680, '81906102', 'Xã An Thạnh'),
(3257, 680, '81906103', 'Xã Cù Lao Dung'),
(3258, 681, '82301001', 'Phường An Xuyên'),
(3259, 681, '82301002', 'Phường Lý Văn Lâm'),
(3260, 681, '82301003', 'Phường Tân Thành'),
(3261, 681, '82301004', 'Phường Hòa Thành'),
(3262, 682, '82311005', 'Xã Tân Thuận'),
(3263, 682, '82311006', 'Xã Tân Tiến'),
(3264, 682, '82311007', 'Xã Tạ An Khương'),
(3265, 682, '82311008', 'Xã Trần Phán'),
(3266, 682, '82311009', 'Xã Thanh Tùng'),
(3267, 682, '82311010', 'Xã Đầm Dơi'),
(3268, 682, '82311011', 'Xã Quách Phẩm'),
(3269, 683, '82305012', 'Xã U Minh'),
(3270, 683, '82305013', 'Xã Nguyễn Phích'),
(3271, 683, '82305014', 'Xã Khánh Lâm'),
(3272, 683, '82305015', 'Xã Khánh An'),
(3273, 684, '82313016', 'Xã Phan Ngọc Hiển'),
(3274, 684, '82313017', 'Xã Đất Mũi'),
(3275, 684, '82313018', 'Xã Tân Ân'),
(3276, 685, '82307019', 'Xã Khánh Bình'),
(3277, 685, '82307020', 'Xã Đá Bạc'),
(3278, 685, '82307021', 'Xã Khánh Hưng'),
(3279, 685, '82307022', 'Xã Sông Đốc'),
(3280, 685, '82307023', 'Xã Trần Văn Thời'),
(3281, 686, '82303024', 'Xã Thới Bình'),
(3282, 686, '82303025', 'Xã Trí Phải'),
(3283, 686, '82303026', 'Xã Tân Lộc'),
(3284, 686, '82303027', 'Xã Hồ Thị Kỷ'),
(3285, 686, '82303028', 'Xã Biển Bạch'),
(3286, 687, '82312029', 'Xã Đất Mới'),
(3287, 687, '82312030', 'Xã Năm Căn'),
(3288, 687, '82312031', 'Xã Tam Giang'),
(3289, 688, '82308032', 'Xã Cái Đôi Vàm'),
(3290, 688, '82308033', 'Xã Nguyễn Việt Khái'),
(3291, 688, '82308034', 'Xã Phú Tân'),
(3292, 688, '82308035', 'Xã Phú Mỹ'),
(3293, 689, '82309036', 'Xã Lương Thế Trân'),
(3294, 689, '82309037', 'Xã Tân Hưng'),
(3295, 689, '82309038', 'Xã Hưng Mỹ'),
(3296, 689, '82309039', 'Xã Cái Nước'),
(3297, 690, '82101040', 'Phường Bạc Liêu'),
(3298, 690, '82101041', 'Phường Vĩnh Trạch'),
(3299, 690, '82101042', 'Phường Hiệp Thành'),
(3300, 691, '82107043', 'Phường Giá Rai'),
(3301, 691, '82107044', 'Phường Láng Tròn'),
(3302, 691, '82107045', 'Xã Phong Thạnh'),
(3303, 692, '82103046', 'Xã Hồng Dân'),
(3304, 692, '82103047', 'Xã Vĩnh Lộc'),
(3305, 692, '82103048', 'Xã Ninh Thạnh Lợi'),
(3306, 692, '82103049', 'Xã Ninh Quới'),
(3307, 693, '82111050', 'Xã Gành Hào'),
(3308, 693, '82111051', 'Xã Định Thành'),
(3309, 693, '82111052', 'Xã An Trạch'),
(3310, 693, '82111053', 'Xã Long Điền'),
(3311, 693, '82111054', 'Xã Đông Hải'),
(3312, 694, '82106055', 'Xã Hoà Bình'),
(3313, 694, '82106056', 'Xã Vĩnh Mỹ'),
(3314, 694, '82106057', 'Xã Vĩnh Hậu'),
(3315, 695, '82109058', 'Xã Phước Long'),
(3316, 695, '82109059', 'Xã Vĩnh Phước'),
(3317, 695, '82109060', 'Xã Phong Hiệp'),
(3318, 695, '82109061', 'Xã Vĩnh Thanh'),
(3319, 696, '82105062', 'Xã Vĩnh Lợi'),
(3320, 696, '82105063', 'Xã Hưng Hội'),
(3321, 696, '82105064', 'Xã Châu Thới');

-- =====================================================
-- 3. LOGIC KỸ THUẬT (TRIGGER, VIEW, PROCEDURE)
-- =====================================================

-- Trigger cập nhật số lần dùng khuyến mãi (TiDB không hỗ trợ trigger, cần xóa)
-- CREATE TRIGGER update_promotion_usage AFTER INSERT ON transactions FOR EACH ROW
-- BEGIN
--     IF NEW.promotion_id IS NOT NULL THEN
--         UPDATE promotions SET used_count = used_count + 1 WHERE id = NEW.promotion_id;
--     END IF;
-- END;

-- View xem danh sách Tour đang hoạt động
CREATE VIEW active_tours_view AS
SELECT t.id, t.title, t.price, tc.category_name, p.province_name
FROM tours t
LEFT JOIN tour_categories tc ON t.category_id = tc.id
LEFT JOIN provinces p ON t.province_id = p.id
WHERE t.is_active = TRUE AND t.is_deleted = FALSE;

-- View chi tiết Booking
CREATE VIEW booking_details_view AS
SELECT b.id, b.total_amount, b.status, c.full_name as customer_name, t.title as tour_title, a.username as booked_by
FROM bookings b
JOIN customers c ON b.customer_id = c.id
JOIN tours t ON b.tour_id = t.id
JOIN accounts a ON b.account_id = a.id
WHERE b.is_deleted = FALSE;

-- Procedure lấy top Tour doanh thu cao nhất (TiDB không hỗ trợ stored procedure, cần xóa)
-- CREATE PROCEDURE GetTopTours(IN limit_count INT)
-- BEGIN
--     SELECT t.title, SUM(b.total_amount) as revenue
--     FROM tours t
--     JOIN bookings b ON t.id = b.tour_id
--     GROUP BY t.id ORDER BY revenue DESC LIMIT limit_count;
-- END;

-- Thiết lập tiếng Việt chuẩn
ALTER DATABASE travel_booking_db CHARACTER SET utf8mb4 COLLATE utf8mb4_unicode_ci;
-- Thêm bảng posts cho tính năng blog
CREATE TABLE IF NOT EXISTS posts (
  id INT AUTO_INCREMENT PRIMARY KEY,
  title VARCHAR(255) NOT NULL,
  excerpt TEXT,
  content TEXT NOT NULL,
  category VARCHAR(100),
  image_url VARCHAR(500),
  views INT DEFAULT 0,
  is_active BOOLEAN DEFAULT TRUE,
  created_at DATETIME DEFAULT CURRENT_TIMESTAMP,
  updated_at DATETIME DEFAULT CURRENT_TIMESTAMP ON UPDATE CURRENT_TIMESTAMP
) ENGINE=InnoDB DEFAULT CHARSET=utf8mb4;

-- Thêm trường admin_reply vào bảng reviews
ALTER TABLE reviews ADD COLUMN admin_reply TEXT NULL AFTER comment;

-- Thêm dữ liệu mẫu cho posts
INSERT INTO posts (title, excerpt, content, category, image_url, views) VALUES
('Top 5 điểm đến mùa hè 2024 không thể bỏ qua', 'Khám phá những điểm đến tuyệt vời nhất cho kỳ nghỉ hè của bạn cùng gia đình và bạn bè...', 'Nội dung chi tiết về top 5 điểm đến mùa hè 2024 sẽ được cập nhật sau...', 'Du lịch', 'https://images.unsplash.com/photo-1507525428034-b723cf961d3e?w=800', 1234),
('Kinh nghiệm đi Đà Nẵng tự túc tiết kiệm nhất', 'Hướng dẫn chi tiết cách đi Đà Nẵng tự túc với chi phí thấp nhưng trải nghiệm tuyệt vời...', 'Nội dung chi tiết về kinh nghiệm đi Đà Nẵng sẽ được cập nhật sau...', 'Hướng dẫn', 'https://images.unsplash.com/photo-1589394815804-964ed0be2eb5?w=800', 856),
('Những món ăn đặc sản Hà Nội phải thử', 'Tổng hợp những món ăn ngon nhất, đặc sản nhất của thủ đô Hà Nội mà du khách không thể bỏ qua...', 'Nội dung chi tiết về món ăn Hà Nội sẽ được cập nhật sau...', 'Ẩm thực', 'https://images.unsplash.com/photo-1569550270262-13c28e2e56c6?w=800', 2341);
